연도,선수이름,팀,타율,경기,타석,타수,득점,안타,2루타,3루타,홈런,루타,타점,희생번트,희생플라이,볼넷,고의4구,사구,삼진,병살타,장타율,출루율,출루율+장타율,멀티히트,득점권타율,장타,땅볼,뜬공,땅볼/뜬공,결승타,볼넷/삼진,투구수/타석,순수장타율,추정득점,팀아이디,선수아이디,팀승률,팀순위
2015,테임즈,1,0.381,142,595,472,130,180,42,5,47,373,140,0,7,103,11,13,91,7,0.79,0.4970000000000001,1.287,52,0.31,94,75,133,0.56,12,1.13,3.97,0.409,162.2,t1501,1,0.596,3
2015,나성범,1,0.326,144,622,564,112,184,34,5,28,312,135,3,8,32,1,15,127,9,0.5529999999999999,0.373,0.926,57,0.3670000000000001,67,126,135,0.93,22,0.25,3.65,0.227,111.8,t1501,9,0.596,3
2015,박민우,1,0.304,141,617,520,111,158,31,6,3,210,47,3,7,73,0,14,108,4,0.404,0.399,0.8029999999999999,44,0.379,40,133,128,1.04,1,0.68,4.2,0.1,92.4,t1501,24,0.596,3
2015,김종호,1,0.295,133,486,424,90,125,16,7,4,167,36,10,3,44,0,4,65,11,0.394,0.364,0.758,34,0.27,27,155,82,1.89,5,0.68,3.79,0.099,64.1,t1501,31,0.596,3
2015,이호준,1,0.294,131,518,449,48,132,25,0,24,229,110,3,2,61,7,3,102,16,0.51,0.381,0.8909999999999999,34,0.314,49,120,97,1.24,7,0.6,4.03,0.21600000000000005,80.1,t1501,32,0.596,3
2015,이종욱,1,0.268,125,504,440,63,118,25,2,5,162,52,4,3,54,6,3,78,5,0.368,0.35,0.718,29,0.256,32,119,128,0.93,6,0.69,3.99,0.1,60.7,t1501,47,0.596,3
2015,지석훈,1,0.267,137,466,415,53,111,15,0,11,159,46,9,3,23,0,16,85,9,0.383,0.328,0.711,26,0.24,26,125,97,1.29,5,0.27,3.73,0.116,52.9,t1501,48,0.596,3
2015,김태군,1,0.254,144,474,421,45,107,24,0,6,149,52,11,7,25,0,10,77,12,0.354,0.307,0.6609999999999999,26,0.238,30,125,119,1.05,5,0.32,3.66,0.1,45.9,t1501,50,0.596,3
2015,손시헌,1,0.245,140,508,440,56,108,24,2,13,175,58,13,5,36,0,14,66,16,0.398,0.319,0.7170000000000001,25,0.261,39,142,129,1.1,8,0.55,3.62,0.152,55.5,t1501,51,0.596,3
2015,유한준,2,0.362,139,598,520,103,188,42,1,23,301,116,1,8,67,2,2,71,13,0.579,0.43,1.009,62,0.395,66,131,138,0.95,9,0.94,4.01,0.217,116.0,t1502,2,0.545,4
2015,박병호,2,0.343,140,622,528,129,181,35,1,53,377,146,0,4,78,6,12,161,10,0.7140000000000001,0.436,1.15,50,0.375,89,87,103,0.84,16,0.48,4.05,0.371,144.7,t1502,5,0.545,4
2015,김민성,2,0.303,118,489,445,60,135,24,0,16,207,71,2,3,31,1,8,62,15,0.465,0.35700000000000004,0.8220000000000001,40,0.257,40,120,131,0.92,2,0.5,3.94,0.162,68.1,t1502,26,0.545,4
2015,김하성,2,0.29,140,582,511,89,148,35,5,19,250,73,4,6,56,2,5,115,10,0.489,0.362,0.851,42,0.26,59,111,143,0.78,4,0.49,4.23,0.2,90.6,t1502,35,0.545,4
2015,스나이더,2,0.281,113,487,431,88,121,26,1,26,227,71,3,5,37,0,11,135,2,0.527,0.349,0.8759999999999999,37,0.21,53,65,115,0.57,4,0.27,4.17,0.246,79.9,t1502,41,0.545,4
2015,구자욱,8,0.349,116,465,410,97,143,33,5,11,219,57,0,4,45,0,6,79,3,0.534,0.417,0.951,43,0.33,49,89,103,0.86,2,0.57,3.97,0.185,85.7,t1508,3,0.611,2
2015,이승엽,8,0.332,122,522,470,87,156,28,1,26,264,90,0,6,40,2,6,71,10,0.562,0.387,0.949,45,0.321,55,114,135,0.84,8,0.56,3.86,0.23,94.3,t1508,7,0.611,2
2015,박석민,8,0.321,135,559,448,90,144,25,0,26,247,116,1,8,83,0,19,97,13,0.551,0.441,0.992,32,0.42,51,103,112,0.92,14,0.86,4.26,0.23,107.2,t1508,13,0.611,2
2015,최형우,8,0.318,144,637,547,94,174,33,1,33,308,123,0,8,73,7,9,101,13,0.563,0.402,0.965,46,0.302,67,114,166,0.69,18,0.72,4.02,0.245,115.6,t1508,14,0.611,2
2015,박해민,8,0.293,144,608,525,96,154,22,7,0,190,47,23,2,56,1,2,126,8,0.362,0.362,0.7240000000000001,40,0.294,29,160,87,1.84,6,0.44,3.9,0.069,77.8,t1508,33,0.611,2
2015,나바로,8,0.287,140,643,534,126,153,19,1,48,318,137,1,9,93,8,6,72,10,0.596,0.393,0.989,41,0.271,68,137,181,0.76,11,1.29,4.21,0.309,126.1,t1508,36,0.611,2
2015,김상수,8,0.278,132,518,449,67,125,30,4,8,187,63,13,7,43,0,6,56,9,0.416,0.345,0.7609999999999999,35,0.287,42,126,149,0.85,5,0.77,3.71,0.138,68.7,t1508,44,0.611,2
2015,마르테,7,0.348,115,487,425,85,148,32,1,20,242,89,0,8,51,7,2,60,19,0.569,0.414,0.983,44,0.305,53,88,137,0.64,7,0.85,3.57,0.221,88.3,t1507,4,0.364,10
2015,이대형,7,0.302,140,616,546,86,165,23,3,0,194,37,10,1,53,0,6,92,5,0.355,0.37,0.725,44,0.29,26,236,54,4.37,2,0.58,3.77,0.053,76.6,t1507,27,0.364,10
2015,박경수,7,0.284,137,537,440,75,125,30,1,22,223,73,6,4,74,1,13,115,8,0.507,0.399,0.906,38,0.28800000000000003,53,99,105,0.94,7,0.64,4.28,0.223,89.1,t1507,37,0.364,10
2015,장성우,7,0.284,133,491,433,55,123,20,1,13,184,77,3,9,46,1,0,85,12,0.425,0.34600000000000003,0.7709999999999999,31,0.28600000000000003,34,123,111,1.11,10,0.54,4.0,0.141,64.2,t1507,38,0.364,10
2015,김상현,7,0.28,134,539,475,71,133,20,0,27,234,88,0,6,50,4,8,115,21,0.493,0.354,0.847,37,0.25,47,140,93,1.51,3,0.43,4.02,0.213,77.5,t1507,42,0.364,10
2015,이용규,10,0.341,124,585,493,94,168,15,7,4,209,42,11,4,68,5,9,45,4,0.424,0.4270000000000001,0.851,49,0.35,26,177,107,1.65,3,1.51,3.98,0.083,93.2,t1510,6,0.472,6
2015,정근우,10,0.316,126,552,468,99,148,30,2,12,218,66,13,2,61,1,8,66,14,0.466,0.403,0.8690000000000001,48,0.307,44,158,98,1.61,13,0.92,3.59,0.15,84.9,t1510,17,0.472,6
2015,김태균,10,0.316,133,524,408,61,129,28,0,21,220,104,1,5,98,12,12,80,19,0.539,0.457,0.996,30,0.353,49,120,84,1.43,11,1.23,4.24,0.223,96.1,t1510,18,0.472,6
2015,박용택,4,0.326,128,533,487,66,159,28,2,18,245,83,1,7,34,1,4,73,12,0.503,0.37,0.873,50,0.35700000000000004,48,127,135,0.94,10,0.47,3.77,0.177,85.3,t1504,8,0.451,9
2015,오지환,4,0.278,138,566,497,76,138,41,4,11,220,56,3,3,59,1,4,121,2,0.443,0.35700000000000004,0.8,39,0.264,56,117,124,0.94,9,0.49,4.29,0.165,80.4,t1504,45,0.451,9
2015,김현수,3,0.326,141,630,512,103,167,26,0,28,277,121,0,9,101,12,8,63,13,0.541,0.438,0.979,50,0.333,54,146,145,1.01,13,1.6,3.72,0.215,118.9,t1503,10,0.5489999999999999,1
2015,양의지,3,0.326,132,513,442,70,144,27,0,20,231,93,2,6,39,3,24,64,7,0.523,0.405,0.928,45,0.28300000000000003,47,81,159,0.51,12,0.61,3.78,0.197,89.9,t1503,11,0.5489999999999999,1
2015,허경민,3,0.317,117,453,404,64,128,20,2,1,155,41,8,3,31,0,7,42,11,0.384,0.373,0.757,36,0.274,23,136,101,1.35,1,0.74,3.66,0.067,56.0,t1503,16,0.5489999999999999,1
2015,김재호,3,0.307,133,488,410,63,126,24,3,3,165,50,14,7,54,0,3,42,18,0.402,0.386,0.7879999999999999,33,0.306,30,101,148,0.68,6,1.29,3.85,0.095,63.3,t1503,22,0.5489999999999999,1
2015,민병헌,3,0.303,129,561,491,80,149,20,2,12,209,75,6,6,50,0,8,74,15,0.426,0.373,0.799,47,0.32299999999999995,34,131,143,0.92,6,0.68,3.78,0.122,76.8,t1503,25,0.5489999999999999,1
2015,정수빈,3,0.295,128,570,491,79,145,27,7,2,192,59,19,6,43,1,11,70,9,0.391,0.361,0.752,42,0.32,36,172,110,1.56,5,0.61,3.78,0.096,70.1,t1503,30,0.5489999999999999,1
2015,오재원,3,0.28,120,474,411,60,115,20,2,11,172,59,7,4,47,1,4,94,9,0.418,0.35600000000000004,0.774,27,0.293,33,108,98,1.1,6,0.5,4.15,0.139,64.6,t1503,43,0.5489999999999999,1
2015,필,5,0.325,143,591,536,81,174,35,1,22,277,101,0,9,43,6,3,74,12,0.517,0.3720000000000001,0.889,55,0.333,58,139,158,0.88,15,0.58,3.56,0.192,96.1,t1505,12,0.465,7
2015,이범호,5,0.27,138,514,437,60,118,25,0,28,227,79,0,4,57,1,16,91,16,0.519,0.3720000000000001,0.8909999999999999,29,0.245,53,99,133,0.74,7,0.63,4.02,0.249,80.9,t1505,46,0.465,7
2015,손아섭,6,0.317,116,517,445,86,141,28,1,13,210,54,0,3,68,3,1,96,6,0.472,0.406,0.878,39,0.354,42,144,67,2.15,7,0.71,4.15,0.155,83.4,t1506,15,0.462,8
2015,아두치,6,0.314,132,594,526,105,165,34,5,28,293,106,1,4,55,8,8,118,9,0.557,0.384,0.941,45,0.354,67,140,107,1.31,10,0.47,4.02,0.243,105.6,t1506,20,0.462,8
2015,강민호,6,0.311,123,456,380,63,118,18,1,35,243,86,0,2,60,2,14,112,14,0.639,0.421,1.06,32,0.322,54,73,79,0.92,7,0.54,4.21,0.329,92.5,t1506,21,0.462,8
2015,최준석,6,0.306,144,618,507,78,155,18,1,31,268,109,1,1,108,4,1,134,17,0.529,0.428,0.957,38,0.34,50,129,90,1.43,10,0.81,4.51,0.223,109.2,t1506,23,0.462,8
2015,정훈,6,0.3,135,562,486,85,146,27,2,9,204,62,7,3,52,2,14,102,14,0.42,0.382,0.802,40,0.295,38,128,113,1.13,2,0.51,4.04,0.119,76.5,t1506,28,0.462,8
2015,황재균,6,0.29,144,596,534,95,155,41,2,26,278,97,4,6,48,1,4,122,14,0.521,0.35,0.871,43,0.242,69,109,154,0.71,7,0.39,3.71,0.23,90.5,t1506,34,0.462,8
2015,이명기,9,0.315,137,582,521,88,164,30,2,3,207,35,11,4,35,0,11,86,7,0.397,0.368,0.765,45,0.28800000000000003,35,177,98,1.81,1,0.41,3.87,0.083,75.4,t1509,19,0.486,5
2015,김성현,9,0.297,129,449,397,49,118,20,0,8,162,48,12,2,31,0,7,42,14,0.408,0.35700000000000004,0.765,34,0.324,28,121,118,1.03,5,0.74,3.49,0.111,53.3,t1509,29,0.486,5
2015,이재원,9,0.282,140,559,489,58,138,18,1,17,209,100,0,5,54,5,11,85,22,0.4270000000000001,0.363,0.79,37,0.319,36,115,156,0.74,11,0.64,3.66,0.145,71.8,t1509,39,0.486,5
2015,박정권,9,0.281,124,494,438,66,123,23,0,21,209,70,4,2,46,1,4,119,9,0.477,0.353,0.83,33,0.261,44,96,102,0.94,5,0.39,4.02,0.196,71.1,t1509,40,0.486,5
2015,브라운,9,0.261,137,539,464,82,121,21,2,28,230,76,0,2,66,4,7,127,12,0.496,0.36,0.856,31,0.232,51,116,102,1.14,9,0.52,3.98,0.235,81.7,t1509,49,0.486,5
2016,나성범,1,0.309,144,653,572,116,177,37,2,22,284,113,1,4,67,2,9,136,4,0.4970000000000001,0.388,0.885,56,0.32,61,132,131,1.01,15,0.49,3.79,0.187,107.4,t1601,52,0.589,2
2016,박석민,1,0.307,126,506,427,77,131,20,0,32,247,104,2,4,56,2,16,95,18,0.578,0.404,0.982,39,0.354,52,98,107,0.92,9,0.59,4.14,0.272,92.1,t1601,57,0.589,2
2016,이종욱,1,0.305,134,517,453,73,138,24,4,5,185,57,4,5,54,0,1,73,11,0.408,0.376,0.784,40,0.315,33,124,123,1.01,3,0.74,4.2,0.104,70.6,t1601,59,0.589,2
2016,이호준,1,0.298,119,472,399,46,119,20,0,21,202,87,2,4,65,6,2,78,11,0.506,0.396,0.902,33,0.342,41,114,92,1.24,12,0.83,4.14,0.208,77.4,t1601,62,0.589,2
2016,나성범,1,0.309,144,653,572,116,177,37,2,22,284,113,1,4,67,2,9,136,4,0.4970000000000001,0.388,0.885,56,0.32,61,132,131,1.01,15,0.49,3.79,0.187,107.4,t1601,77,0.589,2
2016,박석민,1,0.307,126,506,427,77,131,20,0,32,247,104,2,4,56,2,16,95,18,0.578,0.404,0.982,39,0.354,52,98,107,0.92,9,0.59,4.14,0.272,92.1,t1601,82,0.589,2
2016,이종욱,1,0.305,134,517,453,73,138,24,4,5,185,57,4,5,54,0,1,73,11,0.408,0.376,0.784,40,0.315,33,124,123,1.01,3,0.74,4.2,0.104,70.6,t1601,84,0.589,2
2016,이호준,1,0.298,119,472,399,46,119,20,0,21,202,87,2,4,65,6,2,78,11,0.506,0.396,0.902,33,0.342,41,114,92,1.24,12,0.83,4.14,0.208,77.4,t1601,87,0.589,2
2016,이택근,2,0.309,127,460,398,64,123,19,1,8,168,65,0,6,53,1,3,56,11,0.422,0.389,0.8109999999999999,32,0.345,28,116,109,1.06,8,0.95,3.86,0.113,65.6,t1602,53,0.5379999999999999,3
2016,김민성,2,0.306,141,579,510,76,156,39,5,17,256,90,1,12,53,3,3,89,15,0.502,0.3670000000000001,0.8690000000000001,47,0.298,61,112,165,0.68,3,0.6,4.18,0.196,90.1,t1602,58,0.5379999999999999,3
2016,대니돈,2,0.295,129,497,417,65,123,33,1,16,206,70,1,4,70,4,5,72,8,0.494,0.399,0.893,34,0.297,50,83,143,0.58,7,0.97,3.91,0.199,81.2,t1602,63,0.5379999999999999,3
2016,김하성,2,0.281,144,599,526,92,148,29,7,20,251,84,2,5,60,2,6,80,7,0.477,0.358,0.835,36,0.315,56,103,200,0.52,4,0.75,4.12,0.196,90.1,t1602,70,0.5379999999999999,3
2016,박동원,2,0.248,127,454,411,44,102,25,1,14,171,70,6,3,27,0,7,93,18,0.416,0.304,0.72,26,0.25,40,117,102,1.15,8,0.29,3.65,0.168,48.1,t1602,76,0.5379999999999999,3
2016,이택근,2,0.309,127,460,398,64,123,19,1,8,168,65,0,6,53,1,3,56,11,0.422,0.389,0.8109999999999999,32,0.345,28,116,109,1.06,8,0.95,3.86,0.113,65.6,t1602,78,0.5379999999999999,3
2016,김민성,2,0.306,141,579,510,76,156,39,5,17,256,90,1,12,53,3,3,89,15,0.502,0.3670000000000001,0.8690000000000001,47,0.298,61,112,165,0.68,3,0.6,4.18,0.196,90.1,t1602,83,0.5379999999999999,3
2016,대니돈,2,0.295,129,497,417,65,123,33,1,16,206,70,1,4,70,4,5,72,8,0.494,0.399,0.893,34,0.297,50,83,143,0.58,7,0.97,3.91,0.199,81.2,t1602,88,0.5379999999999999,3
2016,김하성,2,0.281,144,599,526,92,148,29,7,20,251,84,2,5,60,2,6,80,7,0.477,0.358,0.835,36,0.315,56,103,200,0.52,4,0.75,4.12,0.196,90.1,t1602,95,0.5379999999999999,3
2016,박동원,2,0.248,127,454,411,44,102,25,1,14,171,70,6,3,27,0,7,93,18,0.416,0.304,0.72,26,0.25,40,117,102,1.15,8,0.29,3.65,0.168,48.1,t1602,101,0.5379999999999999,3
2016,나지완,5,0.308,118,486,380,84,117,21,2,25,217,90,0,4,85,1,17,90,8,0.5710000000000001,0.451,1.022,32,0.304,48,62,115,0.54,8,0.94,4.18,0.263,96.5,t1605,54,0.49,5
2016,서동욱,5,0.292,124,485,411,73,120,30,3,16,204,67,6,3,60,1,5,108,8,0.496,0.386,0.882,31,0.308,49,84,102,0.82,6,0.56,4.08,0.204,76.9,t1605,64,0.49,5
2016,김호령,5,0.267,124,514,453,72,121,18,3,8,169,41,13,2,36,0,10,104,7,0.373,0.333,0.706,32,0.221,29,114,116,0.98,1,0.35,3.85,0.106,57.4,t1605,75,0.49,5
2016,나지완,5,0.308,118,486,380,84,117,21,2,25,217,90,0,4,85,1,17,90,8,0.5710000000000001,0.451,1.022,32,0.304,48,62,115,0.54,8,0.94,4.18,0.263,96.5,t1605,79,0.49,5
2016,서동욱,5,0.292,124,485,411,73,120,30,3,16,204,67,6,3,60,1,5,108,8,0.496,0.386,0.882,31,0.308,49,84,102,0.82,6,0.56,4.08,0.204,76.9,t1605,89,0.49,5
2016,김호령,5,0.267,124,514,453,72,121,18,3,8,169,41,13,2,36,0,10,104,7,0.373,0.333,0.706,32,0.221,29,114,116,0.98,1,0.35,3.85,0.106,57.4,t1605,100,0.49,5
2016,히메네스,4,0.308,135,579,523,101,161,36,0,26,275,102,1,6,39,2,10,67,8,0.526,0.363,0.889,40,0.304,62,117,184,0.64,7,0.58,3.67,0.218,95.9,t1604,55,0.5,4
2016,오지환,4,0.28,121,472,393,73,110,14,5,20,194,78,2,5,65,0,7,97,7,0.494,0.387,0.8809999999999999,29,0.266,39,101,90,1.12,3,0.67,4.22,0.214,77.3,t1604,71,0.5,4
2016,히메네스,4,0.308,135,579,523,101,161,36,0,26,275,102,1,6,39,2,10,67,8,0.526,0.363,0.889,40,0.304,62,117,184,0.64,7,0.58,3.67,0.218,95.9,t1604,80,0.5,4
2016,오지환,4,0.28,121,472,393,73,110,14,5,20,194,78,2,5,65,0,7,97,7,0.494,0.387,0.8809999999999999,29,0.266,39,101,90,1.12,3,0.67,4.22,0.214,77.3,t1604,96,0.5,4
2016,에반스,3,0.308,118,481,400,69,123,31,0,24,226,81,0,7,69,0,5,90,10,0.565,0.41,0.975,33,0.266,55,72,122,0.59,10,0.77,4.24,0.258,89.3,t1603,56,0.65,1
2016,허경민,3,0.28600000000000003,144,609,538,96,154,24,4,7,207,81,6,2,49,1,14,58,14,0.385,0.36,0.745,43,0.321,35,179,149,1.2,11,0.84,3.64,0.099,72.3,t1603,68,0.65,1
2016,오재원,3,0.272,122,484,416,68,113,18,1,5,148,58,3,6,54,1,5,82,10,0.35600000000000004,0.358,0.7140000000000001,25,0.33,24,119,108,1.1,6,0.66,4.08,0.084,55.5,t1603,73,0.65,1
2016,에반스,3,0.308,118,481,400,69,123,31,0,24,226,81,0,7,69,0,5,90,10,0.565,0.41,0.975,33,0.266,55,72,122,0.59,10,0.77,4.24,0.258,89.3,t1603,81,0.65,1
2016,허경민,3,0.28600000000000003,144,609,538,96,154,24,4,7,207,81,6,2,49,1,14,58,14,0.385,0.36,0.745,43,0.321,35,179,149,1.2,11,0.84,3.64,0.099,72.3,t1603,93,0.65,1
2016,오재원,3,0.272,122,484,416,68,113,18,1,5,148,58,3,6,54,1,5,82,10,0.35600000000000004,0.358,0.7140000000000001,25,0.33,24,119,108,1.1,6,0.66,4.08,0.084,55.5,t1603,98,0.65,1
2016,이승엽,8,0.303,142,623,542,91,164,32,2,27,281,118,0,8,65,1,8,89,7,0.518,0.38,0.898,47,0.33,61,130,167,0.78,13,0.73,3.86,0.21600000000000005,106.1,t1608,60,0.455,9
2016,박해민,8,0.3,141,641,564,109,169,26,12,4,231,61,22,3,49,2,3,87,6,0.41,0.35700000000000004,0.767,51,0.299,42,145,166,0.87,4,0.56,3.82,0.11,86.0,t1608,61,0.455,9
2016,백상원,8,0.28800000000000003,132,517,445,60,128,19,3,3,162,49,10,7,51,0,4,69,15,0.364,0.361,0.725,33,0.311,25,143,112,1.28,2,0.74,3.65,0.076,60.2,t1608,67,0.455,9
2016,이승엽,8,0.303,142,623,542,91,164,32,2,27,281,118,0,8,65,1,8,89,7,0.518,0.38,0.898,47,0.33,61,130,167,0.78,13,0.73,3.86,0.21600000000000005,106.1,t1608,85,0.455,9
2016,박해민,8,0.3,141,641,564,109,169,26,12,4,231,61,22,3,49,2,3,87,6,0.41,0.35700000000000004,0.767,51,0.299,42,145,166,0.87,4,0.56,3.82,0.11,86.0,t1608,86,0.455,9
2016,백상원,8,0.28800000000000003,132,517,445,60,128,19,3,3,162,49,10,7,51,0,4,69,15,0.364,0.361,0.725,33,0.311,25,143,112,1.28,2,0.74,3.65,0.076,60.2,t1608,92,0.455,9
2016,이재원,9,0.29,130,472,411,49,119,15,0,15,179,64,2,7,43,3,9,76,15,0.436,0.364,0.8,33,0.25,30,99,124,0.8,4,0.57,3.66,0.146,63.1,t1609,65,0.479,6
2016,최정,9,0.28800000000000003,141,606,500,106,144,24,1,40,290,106,0,6,77,2,23,126,6,0.58,0.403,0.983,42,0.278,65,87,149,0.58,6,0.61,4.04,0.292,115.7,t1609,66,0.479,6
2016,고메즈,9,0.28300000000000003,117,492,456,74,129,31,0,21,223,62,2,4,25,2,5,87,11,0.489,0.324,0.813,39,0.297,52,107,137,0.78,4,0.29,3.6,0.206,68.8,t1609,69,0.479,6
2016,박정권,9,0.277,125,468,422,59,117,17,3,18,194,59,2,4,35,0,5,99,7,0.46,0.337,0.797,34,0.243,38,101,109,0.93,5,0.35,3.81,0.182,65.8,t1609,72,0.479,6
2016,이재원,9,0.29,130,472,411,49,119,15,0,15,179,64,2,7,43,3,9,76,15,0.436,0.364,0.8,33,0.25,30,99,124,0.8,4,0.57,3.66,0.146,63.1,t1609,90,0.479,6
2016,최정,9,0.28800000000000003,141,606,500,106,144,24,1,40,290,106,0,6,77,2,23,126,6,0.58,0.403,0.983,42,0.278,65,87,149,0.58,6,0.61,4.04,0.292,115.7,t1609,91,0.479,6
2016,고메즈,9,0.28300000000000003,117,492,456,74,129,31,0,21,223,62,2,4,25,2,5,87,11,0.489,0.324,0.813,39,0.297,52,107,137,0.78,4,0.29,3.6,0.206,68.8,t1609,94,0.479,6
2016,박정권,9,0.277,125,468,422,59,117,17,3,18,194,59,2,4,35,0,5,99,7,0.46,0.337,0.797,34,0.243,38,101,109,0.93,5,0.35,3.81,0.182,65.8,t1609,97,0.479,6
2016,양성우,10,0.271,108,446,384,52,104,12,4,4,136,53,8,6,39,0,9,67,6,0.354,0.34700000000000003,0.701,27,0.318,20,117,102,1.15,5,0.58,3.81,0.083,51.7,t1610,74,0.468,7
2016,양성우,10,0.271,108,446,384,52,104,12,4,4,136,53,8,6,39,0,9,67,6,0.354,0.34700000000000003,0.701,27,0.318,20,117,102,1.15,5,0.58,3.81,0.083,51.7,t1610,99,0.468,7
2017,최주환,3,0.301,129,452,399,65,120,16,6,7,169,57,1,5,38,1,9,58,10,0.424,0.37,0.794,31,0.308,29,108,118,0.92,3,0.66,3.95,0.123,61.7,t1703,102,0.596,2
2017,에반스,3,0.29600000000000004,138,581,514,82,152,19,0,27,252,90,0,3,61,0,3,114,15,0.49,0.3720000000000001,0.862,45,0.29100000000000004,46,104,147,0.71,9,0.54,3.97,0.195,89.7,t1703,105,0.596,2
2017,최주환,3,0.301,129,452,399,65,120,16,6,7,169,57,1,5,38,1,9,58,10,0.424,0.37,0.794,31,0.308,29,108,118,0.92,3,0.66,3.95,0.123,61.7,t1703,119,0.596,2
2017,에반스,3,0.29600000000000004,138,581,514,82,152,19,0,27,252,90,0,3,61,0,3,114,15,0.49,0.3720000000000001,0.862,45,0.29100000000000004,46,104,147,0.71,9,0.54,3.97,0.195,89.7,t1703,122,0.596,2
2017,나지완,5,0.301,137,551,459,85,138,20,3,27,245,94,0,7,62,0,23,105,10,0.534,0.405,0.939,37,0.294,50,91,132,0.69,6,0.59,3.93,0.233,98.3,t1705,103,0.608,1
2017,이범호,5,0.272,115,447,382,57,104,14,0,25,193,89,0,6,52,3,7,81,9,0.505,0.365,0.87,30,0.317,39,86,117,0.74,4,0.64,3.94,0.233,71.6,t1705,115,0.608,1
2017,나지완,5,0.301,137,551,459,85,138,20,3,27,245,94,0,7,62,0,23,105,10,0.534,0.405,0.939,37,0.294,50,91,132,0.69,6,0.59,3.93,0.233,98.3,t1705,120,0.608,1
2017,이범호,5,0.272,115,447,382,57,104,14,0,25,193,89,0,6,52,3,7,81,9,0.505,0.365,0.87,30,0.317,39,86,117,0.74,4,0.64,3.94,0.233,71.6,t1705,132,0.608,1
2017,스크럭스,1,0.3,115,518,437,91,131,24,0,35,260,111,0,4,65,2,12,134,9,0.595,0.402,0.997,38,0.305,59,92,84,1.1,13,0.49,4.27,0.295,99.9,t1701,104,0.56,4
2017,권희동,1,0.28600000000000003,141,554,472,72,135,20,2,19,216,86,7,7,51,1,17,90,12,0.458,0.371,0.8290000000000001,41,0.333,41,120,134,0.9,9,0.57,4.11,0.172,80.8,t1701,109,0.56,4
2017,스크럭스,1,0.3,115,518,437,91,131,24,0,35,260,111,0,4,65,2,12,134,9,0.595,0.402,0.997,38,0.305,59,92,84,1.1,13,0.49,4.27,0.295,99.9,t1701,121,0.56,4
2017,권희동,1,0.28600000000000003,141,554,472,72,135,20,2,19,216,86,7,7,51,1,17,90,12,0.458,0.371,0.8290000000000001,41,0.333,41,120,134,0.9,9,0.57,4.11,0.172,80.8,t1701,126,0.56,4
2017,김문호,6,0.292,131,448,390,49,114,17,1,2,139,35,7,1,37,4,13,73,5,0.35600000000000004,0.3720000000000001,0.728,29,0.258,20,121,83,1.46,2,0.51,3.82,0.064,53.5,t1706,106,0.563,3
2017,최준석,6,0.29100000000000004,125,464,409,43,119,15,0,14,176,82,0,5,49,0,1,89,24,0.43,0.364,0.794,32,0.328,29,120,86,1.4,10,0.55,4.19,0.139,59.1,t1706,108,0.563,3
2017,강민호,6,0.285,130,515,456,62,130,22,1,22,220,68,0,3,41,6,15,104,15,0.482,0.361,0.843,38,0.27,45,124,101,1.23,5,0.39,3.86,0.197,74.3,t1706,110,0.563,3
2017,김문호,6,0.292,131,448,390,49,114,17,1,2,139,35,7,1,37,4,13,73,5,0.35600000000000004,0.3720000000000001,0.728,29,0.258,20,121,83,1.46,2,0.51,3.82,0.064,53.5,t1706,123,0.563,3
2017,최준석,6,0.29100000000000004,125,464,409,43,119,15,0,14,176,82,0,5,49,0,1,89,24,0.43,0.364,0.794,32,0.328,29,120,86,1.4,10,0.55,4.19,0.139,59.1,t1706,125,0.563,3
2017,강민호,6,0.285,130,515,456,62,130,22,1,22,220,68,0,3,41,6,15,104,15,0.482,0.361,0.843,38,0.27,45,124,101,1.23,5,0.39,3.86,0.197,74.3,t1706,127,0.563,3
2017,나주환,9,0.29100000000000004,122,452,419,69,122,24,1,19,205,65,8,1,19,3,5,85,15,0.489,0.329,0.818,38,0.366,44,99,114,0.87,8,0.22,3.88,0.198,59.3,t1709,107,0.524,5
2017,나주환,9,0.29100000000000004,122,452,419,69,122,24,1,19,205,65,8,1,19,3,5,85,15,0.489,0.329,0.818,38,0.366,44,99,114,0.87,8,0.22,3.88,0.198,59.3,t1709,124,0.524,5
2017,하주석,10,0.285,111,470,432,69,123,18,8,11,190,52,9,1,23,0,5,83,6,0.44,0.328,0.768,34,0.313,37,145,82,1.77,6,0.28,3.49,0.155,59.0,t1710,111,0.43,8
2017,하주석,10,0.285,111,470,432,69,123,18,8,11,190,52,9,1,23,0,5,83,6,0.44,0.328,0.768,34,0.313,37,145,82,1.77,6,0.28,3.49,0.155,59.0,t1710,128,0.43,8
2017,박해민,8,0.284,144,638,570,96,162,25,8,7,224,54,8,9,50,0,1,78,6,0.393,0.338,0.731,49,0.293,40,171,168,1.02,4,0.64,3.91,0.109,82.2,t1708,112,0.396,9
2017,이승엽,8,0.28,135,533,472,65,132,30,5,24,244,87,0,8,47,6,6,85,7,0.517,0.34700000000000003,0.8640000000000001,40,0.244,59,107,156,0.69,9,0.55,3.92,0.237,84.3,t1708,114,0.396,9
2017,이원석,8,0.265,121,459,411,55,109,20,1,18,185,62,4,6,34,2,4,80,4,0.45,0.32299999999999995,0.773,27,0.262,39,99,129,0.77,2,0.43,3.97,0.185,62.5,t1708,116,0.396,9
2017,박해민,8,0.284,144,638,570,96,162,25,8,7,224,54,8,9,50,0,1,78,6,0.393,0.338,0.731,49,0.293,40,171,168,1.02,4,0.64,3.91,0.109,82.2,t1708,129,0.396,9
2017,이승엽,8,0.28,135,533,472,65,132,30,5,24,244,87,0,8,47,6,6,85,7,0.517,0.34700000000000003,0.8640000000000001,40,0.244,59,107,156,0.69,9,0.55,3.92,0.237,84.3,t1708,131,0.396,9
2017,이원석,8,0.265,121,459,411,55,109,20,1,18,185,62,4,6,34,2,4,80,4,0.45,0.32299999999999995,0.773,27,0.262,39,99,129,0.77,2,0.43,3.97,0.185,62.5,t1708,133,0.396,9
2017,김민성,2,0.282,133,530,472,59,133,26,1,15,206,78,0,8,43,2,7,93,15,0.436,0.345,0.7809999999999999,38,0.28800000000000003,42,104,150,0.69,9,0.46,4.18,0.155,69.5,t1702,113,0.486,7
2017,김민성,2,0.282,133,530,472,59,133,26,1,15,206,78,0,8,43,2,7,93,15,0.436,0.345,0.7809999999999999,38,0.28800000000000003,42,104,150,0.69,9,0.46,4.18,0.155,69.5,t1702,130,0.486,7
2017,양석환,4,0.263,132,496,445,62,117,27,3,14,192,83,2,5,38,2,6,93,13,0.431,0.326,0.757,31,0.336,44,77,163,0.47,6,0.41,4.04,0.16899999999999998,59.2,t1704,117,0.489,6
2017,양석환,4,0.263,132,496,445,62,117,27,3,14,192,83,2,5,38,2,6,93,13,0.431,0.326,0.757,31,0.336,44,77,163,0.47,6,0.41,4.04,0.16899999999999998,59.2,t1704,134,0.489,6
2017,박경수,7,0.262,131,511,442,62,116,27,1,15,190,66,3,3,57,4,6,118,14,0.43,0.35200000000000004,0.782,30,0.29100000000000004,43,89,122,0.73,3,0.48,4.41,0.16699999999999998,64.6,t1707,118,0.34700000000000003,10
2017,박경수,7,0.262,131,511,442,62,116,27,1,15,190,66,3,3,57,4,6,118,14,0.43,0.35200000000000004,0.782,30,0.29100000000000004,43,89,122,0.73,3,0.48,4.41,0.16699999999999998,64.6,t1707,135,0.34700000000000003,10
2018,박용택,4,0.303,134,583,524,89,159,38,1,15,244,76,0,7,47,0,5,107,21,0.466,0.362,0.828,48,0.285,54,128,137,0.93,10,0.44,3.9,0.162,80.9,t1804,136,0.476,8
2018,유강남,4,0.29600000000000004,132,465,425,53,126,33,0,19,216,66,2,1,28,1,9,80,21,0.508,0.35200000000000004,0.86,37,0.282,52,111,109,1.02,3,0.35,3.76,0.212,65.7,t1804,142,0.476,8
2018,오지환,4,0.278,144,617,533,93,148,26,2,11,211,71,12,6,59,3,7,146,6,0.396,0.354,0.75,40,0.35700000000000004,39,120,125,0.96,6,0.4,4.01,0.118,78.2,t1804,155,0.476,8
2018,양석환,4,0.263,140,519,483,53,127,27,0,22,220,82,1,5,24,0,6,81,9,0.455,0.303,0.758,32,0.31,49,100,180,0.56,9,0.3,4.0,0.193,65.9,t1804,161,0.476,8
2018,박용택,4,0.303,134,583,524,89,159,38,1,15,244,76,0,7,47,0,5,107,21,0.466,0.362,0.828,48,0.285,54,128,137,0.93,10,0.44,3.9,0.162,80.9,t1804,166,0.476,8
2018,유강남,4,0.29600000000000004,132,465,425,53,126,33,0,19,216,66,2,1,28,1,9,80,21,0.508,0.35200000000000004,0.86,37,0.282,52,111,109,1.02,3,0.35,3.76,0.212,65.7,t1804,172,0.476,8
2018,오지환,4,0.278,144,617,533,93,148,26,2,11,211,71,12,6,59,3,7,146,6,0.396,0.354,0.75,40,0.35700000000000004,39,120,125,0.96,6,0.4,4.01,0.118,78.2,t1804,185,0.476,8
2018,양석환,4,0.263,140,519,483,53,127,27,0,22,220,82,1,5,24,0,6,81,9,0.455,0.303,0.758,32,0.31,49,100,180,0.56,9,0.3,4.0,0.193,65.9,t1804,191,0.476,8
2018,이명기,5,0.302,120,502,447,88,135,28,6,4,187,42,11,1,40,3,3,64,5,0.418,0.363,0.7809999999999999,41,0.246,38,162,87,1.86,2,0.63,3.8,0.116,65.9,t1805,137,0.486,5
2018,김선빈,5,0.295,127,492,424,73,125,17,2,4,158,49,6,5,48,1,9,42,10,0.373,0.374,0.747,33,0.304,23,142,120,1.18,3,1.14,3.78,0.078,61.9,t1805,145,0.486,5
2018,이명기,5,0.302,120,502,447,88,135,28,6,4,187,42,11,1,40,3,3,64,5,0.418,0.363,0.7809999999999999,41,0.246,38,162,87,1.86,2,0.63,3.8,0.116,65.9,t1805,167,0.486,5
2018,김선빈,5,0.295,127,492,424,73,125,17,2,4,158,49,6,5,48,1,9,42,10,0.373,0.374,0.747,33,0.304,23,142,120,1.18,3,1.14,3.78,0.078,61.9,t1805,175,0.486,5
2018,이원석,8,0.301,128,543,479,74,144,30,1,20,236,93,0,5,52,1,7,103,10,0.493,0.374,0.867,39,0.302,51,98,139,0.71,5,0.5,4.05,0.192,84.8,t1808,138,0.486,6
2018,김헌곤,8,0.3,141,586,513,77,154,26,2,11,217,71,5,4,54,1,10,70,13,0.423,0.375,0.7979999999999999,46,0.319,39,162,131,1.24,4,0.77,3.91,0.123,80.9,t1808,139,0.486,6
2018,박해민,8,0.299,144,649,576,114,172,30,10,9,249,68,8,6,56,0,3,99,9,0.4320000000000001,0.36,0.792,53,0.339,49,144,167,0.86,8,0.57,4.1,0.134,91.9,t1808,140,0.486,6
2018,강민호,8,0.269,129,477,427,46,115,14,0,22,195,71,0,7,29,5,14,96,11,0.457,0.331,0.7879999999999999,32,0.225,36,122,101,1.21,10,0.3,3.68,0.187,65.1,t1808,159,0.486,6
2018,김상수,8,0.263,122,499,453,63,119,13,1,10,164,50,8,3,27,0,8,91,11,0.362,0.314,0.6759999999999999,32,0.2,24,132,114,1.16,5,0.3,3.94,0.099,50.1,t1808,162,0.486,6
2018,이원석,8,0.301,128,543,479,74,144,30,1,20,236,93,0,5,52,1,7,103,10,0.493,0.374,0.867,39,0.302,51,98,139,0.71,5,0.5,4.05,0.192,84.8,t1808,168,0.486,6
2018,김헌곤,8,0.3,141,586,513,77,154,26,2,11,217,71,5,4,54,1,10,70,13,0.423,0.375,0.7979999999999999,46,0.319,39,162,131,1.24,4,0.77,3.91,0.123,80.9,t1808,169,0.486,6
2018,박해민,8,0.299,144,649,576,114,172,30,10,9,249,68,8,6,56,0,3,99,9,0.4320000000000001,0.36,0.792,53,0.339,49,144,167,0.86,8,0.57,4.1,0.134,91.9,t1808,170,0.486,6
2018,강민호,8,0.269,129,477,427,46,115,14,0,22,195,71,0,7,29,5,14,96,11,0.457,0.331,0.7879999999999999,32,0.225,36,122,101,1.21,10,0.3,3.68,0.187,65.1,t1808,189,0.486,6
2018,김상수,8,0.263,122,499,453,63,119,13,1,10,164,50,8,3,27,0,8,91,11,0.362,0.314,0.6759999999999999,32,0.2,24,132,114,1.16,5,0.3,3.94,0.099,50.1,t1808,192,0.486,6
2018,송광민,10,0.297,113,460,434,63,129,24,0,18,207,79,0,4,18,0,4,93,13,0.477,0.328,0.805,36,0.243,42,121,95,1.27,8,0.19,3.59,0.18,62.1,t1810,141,0.535,3
2018,이성열,10,0.295,131,528,485,76,143,21,1,34,268,102,1,2,35,3,5,143,9,0.5529999999999999,0.34700000000000003,0.9,34,0.28300000000000003,56,113,88,1.28,8,0.24,3.9,0.258,86.9,t1810,144,0.535,3
2018,이용규,10,0.293,134,575,491,82,144,14,1,1,163,36,8,5,59,0,12,62,8,0.332,0.379,0.711,44,0.327,16,162,128,1.27,2,0.95,4.03,0.039,70.1,t1810,147,0.535,3
2018,하주석,10,0.254,141,517,484,67,123,20,3,9,176,52,1,0,28,0,4,130,7,0.364,0.3,0.664,31,0.267,32,145,86,1.69,7,0.22,3.69,0.11,49.5,t1810,165,0.535,3
2018,송광민,10,0.297,113,460,434,63,129,24,0,18,207,79,0,4,18,0,4,93,13,0.477,0.328,0.805,36,0.243,42,121,95,1.27,8,0.19,3.59,0.18,62.1,t1810,171,0.535,3
2018,이성열,10,0.295,131,528,485,76,143,21,1,34,268,102,1,2,35,3,5,143,9,0.5529999999999999,0.34700000000000003,0.9,34,0.28300000000000003,56,113,88,1.28,8,0.24,3.9,0.258,86.9,t1810,174,0.535,3
2018,이용규,10,0.293,134,575,491,82,144,14,1,1,163,36,8,5,59,0,12,62,8,0.332,0.379,0.711,44,0.327,16,162,128,1.27,2,0.95,4.03,0.039,70.1,t1810,177,0.535,3
2018,하주석,10,0.254,141,517,484,67,123,20,3,9,176,52,1,0,28,0,4,130,7,0.364,0.3,0.664,31,0.267,32,145,86,1.69,7,0.22,3.69,0.11,49.5,t1810,195,0.535,3
2018,황재균,7,0.29600000000000004,142,588,530,76,157,41,3,25,279,88,2,3,49,1,4,120,5,0.526,0.358,0.884,48,0.252,69,79,177,0.45,7,0.41,3.96,0.23,95.7,t1807,143,0.418,9
2018,강백호,7,0.29,138,585,527,108,153,32,2,29,276,84,0,3,52,0,3,124,4,0.524,0.35600000000000004,0.88,44,0.308,63,121,132,0.92,3,0.42,4.04,0.233,94.5,t1807,149,0.418,9
2018,윤석민,7,0.276,132,509,460,58,127,22,0,19,206,60,2,3,40,2,4,69,17,0.448,0.337,0.785,28,0.22,41,132,135,0.98,3,0.58,3.78,0.172,65.8,t1807,157,0.418,9
2018,박경수,7,0.262,135,528,458,65,120,21,0,25,216,74,0,3,58,2,9,129,16,0.472,0.354,0.826,28,0.28800000000000003,46,92,120,0.77,7,0.45,4.2,0.21,74.9,t1807,163,0.418,9
2018,황재균,7,0.29600000000000004,142,588,530,76,157,41,3,25,279,88,2,3,49,1,4,120,5,0.526,0.358,0.884,48,0.252,69,79,177,0.45,7,0.41,3.96,0.23,95.7,t1807,173,0.418,9
2018,강백호,7,0.29,138,585,527,108,153,32,2,29,276,84,0,3,52,0,3,124,4,0.524,0.35600000000000004,0.88,44,0.308,63,121,132,0.92,3,0.42,4.04,0.233,94.5,t1807,179,0.418,9
2018,윤석민,7,0.276,132,509,460,58,127,22,0,19,206,60,2,3,40,2,4,69,17,0.448,0.337,0.785,28,0.22,41,132,135,0.98,3,0.58,3.78,0.172,65.8,t1807,187,0.418,9
2018,박경수,7,0.262,135,528,458,65,120,21,0,25,216,74,0,3,58,2,9,129,16,0.472,0.354,0.826,28,0.28800000000000003,46,92,120,0.77,7,0.45,4.2,0.21,74.9,t1807,193,0.418,9
2018,신본기,6,0.294,139,479,425,55,125,28,1,11,188,71,5,5,33,2,11,95,12,0.442,0.35700000000000004,0.799,34,0.3,40,110,100,1.1,5,0.35,3.72,0.14800000000000002,62.8,t1806,146,0.479,7
2018,번즈,6,0.268,133,505,462,80,124,34,5,23,237,64,1,0,33,2,9,133,8,0.513,0.329,0.8420000000000001,34,0.23,62,96,109,0.88,5,0.25,3.71,0.245,73.8,t1806,160,0.479,7
2018,신본기,6,0.294,139,479,425,55,125,28,1,11,188,71,5,5,33,2,11,95,12,0.442,0.35700000000000004,0.799,34,0.3,40,110,100,1.1,5,0.35,3.72,0.14800000000000002,62.8,t1806,176,0.479,7
2018,번즈,6,0.268,133,505,462,80,124,34,5,23,237,64,1,0,33,2,9,133,8,0.513,0.329,0.8420000000000001,34,0.23,62,96,109,0.88,5,0.25,3.71,0.245,73.8,t1806,190,0.479,7
2018,임병욱,2,0.293,134,447,423,76,124,29,3,13,198,60,0,2,22,1,0,119,6,0.468,0.327,0.795,31,0.303,45,108,74,1.46,3,0.18,3.68,0.175,62.2,t1802,148,0.521,4
2018,김하성,2,0.28800000000000003,129,576,511,95,147,27,4,20,242,84,1,5,54,2,5,81,16,0.474,0.358,0.8320000000000001,43,0.239,51,98,190,0.52,14,0.67,3.94,0.18600000000000005,83.6,t1802,150,0.521,4
2018,김민성,2,0.28300000000000003,128,465,413,46,117,24,0,10,171,45,1,5,40,3,6,80,6,0.414,0.35100000000000003,0.765,24,0.231,34,78,143,0.55,3,0.5,4.0,0.131,61.1,t1802,153,0.521,4
2018,김혜성,2,0.27,136,473,430,79,116,15,6,5,158,45,3,2,33,1,5,119,6,0.3670000000000001,0.328,0.695,28,0.333,26,108,89,1.21,2,0.28,3.86,0.098,55.2,t1802,158,0.521,4
2018,임병욱,2,0.293,134,447,423,76,124,29,3,13,198,60,0,2,22,1,0,119,6,0.468,0.327,0.795,31,0.303,45,108,74,1.46,3,0.18,3.68,0.175,62.2,t1802,178,0.521,4
2018,김하성,2,0.28800000000000003,129,576,511,95,147,27,4,20,242,84,1,5,54,2,5,81,16,0.474,0.358,0.8320000000000001,43,0.239,51,98,190,0.52,14,0.67,3.94,0.18600000000000005,83.6,t1802,180,0.521,4
2018,김민성,2,0.28300000000000003,128,465,413,46,117,24,0,10,171,45,1,5,40,3,6,80,6,0.414,0.35100000000000003,0.765,24,0.231,34,78,143,0.55,3,0.5,4.0,0.131,61.1,t1802,183,0.521,4
2018,김혜성,2,0.27,136,473,430,79,116,15,6,5,158,45,3,2,33,1,5,119,6,0.3670000000000001,0.328,0.695,28,0.333,26,108,89,1.21,2,0.28,3.86,0.098,55.2,t1802,188,0.521,4
2018,한동민,9,0.284,136,562,486,97,138,31,0,41,292,115,0,8,52,3,16,124,10,0.601,0.3670000000000001,0.968,40,0.28600000000000003,72,94,138,0.68,14,0.42,4.21,0.317,104.2,t1809,151,0.545,1
2018,김성현,9,0.277,135,462,415,51,115,19,1,4,148,55,6,3,29,0,9,42,19,0.35700000000000004,0.336,0.693,30,0.333,24,123,138,0.89,8,0.69,3.48,0.08,46.3,t1809,156,0.545,1
2018,한동민,9,0.284,136,562,486,97,138,31,0,41,292,115,0,8,52,3,16,124,10,0.601,0.3670000000000001,0.968,40,0.28600000000000003,72,94,138,0.68,14,0.42,4.21,0.317,104.2,t1809,181,0.545,1
2018,김성현,9,0.277,135,462,415,51,115,19,1,4,148,55,6,3,29,0,9,42,19,0.35700000000000004,0.336,0.693,30,0.333,24,123,138,0.89,8,0.69,3.48,0.08,46.3,t1809,186,0.545,1
2018,노진혁,1,0.28300000000000003,125,458,420,52,119,21,4,11,181,42,1,2,33,0,2,92,8,0.431,0.337,0.768,35,0.272,36,108,103,1.05,4,0.36,3.8,0.14800000000000002,58.3,t1801,152,0.406,10
2018,스크럭스,1,0.257,142,571,501,75,129,35,0,26,242,97,0,3,55,2,12,144,14,0.483,0.343,0.826,29,0.303,61,102,129,0.79,5,0.38,3.89,0.226,80.4,t1801,164,0.406,10
2018,노진혁,1,0.28300000000000003,125,458,420,52,119,21,4,11,181,42,1,2,33,0,2,92,8,0.431,0.337,0.768,35,0.272,36,108,103,1.05,4,0.36,3.8,0.14800000000000002,58.3,t1801,182,0.406,10
2018,스크럭스,1,0.257,142,571,501,75,129,35,0,26,242,97,0,3,55,2,12,144,14,0.483,0.343,0.826,29,0.303,61,102,129,0.79,5,0.38,3.89,0.226,80.4,t1801,194,0.406,10
2018,오재일,3,0.279,123,477,401,69,112,19,2,27,216,80,0,10,60,2,6,121,3,0.539,0.373,0.912,29,0.215,48,57,121,0.47,6,0.5,3.98,0.259,84.4,t1803,154,0.6459999999999999,2
2018,오재일,3,0.279,123,477,401,69,112,19,2,27,216,80,0,10,60,2,6,121,3,0.539,0.373,0.912,29,0.215,48,57,121,0.47,6,0.5,3.98,0.259,84.4,t1803,184,0.6459999999999999,2
2019,황재균,7,0.28300000000000003,124,507,448,78,127,16,3,20,209,67,0,5,52,2,2,71,10,0.467,0.35700000000000004,0.8240000000000001,32,0.262,39,106,149,0.71,9,0.73,3.78,0.183,73.9,t1907,196,0.5,6
2019,김민혁,7,0.281,127,521,466,68,131,10,1,0,143,32,5,5,32,0,13,61,8,0.307,0.341,0.648,36,0.257,11,163,116,1.41,6,0.52,3.6,0.026,52.8,t1907,198,0.5,6
2019,박경수,7,0.247,137,490,421,43,104,24,0,10,158,65,4,6,55,1,4,102,14,0.375,0.335,0.71,24,0.281,34,88,133,0.66,8,0.54,3.93,0.128,54.2,t1907,216,0.5,6
2019,황재균,7,0.28300000000000003,124,507,448,78,127,16,3,20,209,67,0,5,52,2,2,71,10,0.467,0.35700000000000004,0.8240000000000001,32,0.262,39,106,149,0.71,9,0.73,3.78,0.183,73.9,t1907,221,0.5,6
2019,김민혁,7,0.281,127,521,466,68,131,10,1,0,143,32,5,5,32,0,13,61,8,0.307,0.341,0.648,36,0.257,11,163,116,1.41,6,0.52,3.6,0.026,52.8,t1907,223,0.5,6
2019,박경수,7,0.247,137,490,421,43,104,24,0,10,158,65,4,6,55,1,4,102,14,0.375,0.335,0.71,24,0.281,34,88,133,0.66,8,0.54,3.93,0.128,54.2,t1907,241,0.5,6
2019,김재환,3,0.28300000000000003,136,574,495,76,140,20,5,15,215,91,0,11,63,5,5,113,7,0.434,0.362,0.7959999999999999,34,0.3,40,111,142,0.78,11,0.56,3.57,0.152,82.7,t1903,197,0.615,1
2019,박세혁,3,0.279,137,505,441,58,123,19,9,4,172,63,10,6,41,1,7,68,5,0.39,0.345,0.735,29,0.29100000000000004,32,135,121,1.12,7,0.6,3.78,0.111,62.9,t1903,200,0.615,1
2019,김재호,3,0.268,130,470,377,51,101,22,0,4,135,48,8,11,67,3,7,58,10,0.358,0.379,0.737,22,0.257,26,84,145,0.58,7,1.16,3.86,0.09,59.0,t1903,207,0.615,1
2019,정수빈,3,0.265,123,513,441,75,117,19,5,0,146,41,4,5,57,0,6,60,6,0.331,0.354,0.685,30,0.245,24,145,124,1.17,5,0.95,3.98,0.066,59.1,t1903,209,0.615,1
2019,김재환,3,0.28300000000000003,136,574,495,76,140,20,5,15,215,91,0,11,63,5,5,113,7,0.434,0.362,0.7959999999999999,34,0.3,40,111,142,0.78,11,0.56,3.57,0.152,82.7,t1903,222,0.615,1
2019,박세혁,3,0.279,137,505,441,58,123,19,9,4,172,63,10,6,41,1,7,68,5,0.39,0.345,0.735,29,0.29100000000000004,32,135,121,1.12,7,0.6,3.78,0.111,62.9,t1903,225,0.615,1
2019,김재호,3,0.268,130,470,377,51,101,22,0,4,135,48,8,11,67,3,7,58,10,0.358,0.379,0.737,22,0.257,26,84,145,0.58,7,1.16,3.86,0.09,59.0,t1903,232,0.615,1
2019,정수빈,3,0.265,123,513,441,75,117,19,5,0,146,41,4,5,57,0,6,60,6,0.331,0.354,0.685,30,0.245,24,145,124,1.17,5,0.95,3.98,0.066,59.1,t1903,234,0.615,1
2019,박병호,2,0.28,122,532,432,92,121,22,0,33,242,98,0,9,78,5,13,117,7,0.56,0.398,0.958,31,0.29100000000000004,55,85,118,0.72,13,0.67,4.11,0.28,98.3,t1902,199,0.601,2
2019,박병호,2,0.28,122,532,432,92,121,22,0,33,242,98,0,9,78,5,13,117,7,0.56,0.398,0.958,31,0.29100000000000004,55,85,118,0.72,13,0.67,4.11,0.28,98.3,t1902,224,0.601,2
2019,로맥,9,0.276,137,589,504,86,139,28,1,29,256,95,0,6,73,3,6,117,11,0.508,0.37,0.878,39,0.266,58,90,164,0.55,12,0.62,4.19,0.232,94.5,t1909,201,0.615,3
2019,김강민,9,0.27,127,460,422,54,114,14,2,8,156,50,0,3,31,3,4,103,2,0.37,0.324,0.6940000000000001,31,0.298,24,88,120,0.73,7,0.3,3.95,0.1,52.3,t1909,204,0.615,3
2019,이재원,9,0.268,139,502,451,33,121,19,0,12,176,75,1,7,34,2,9,59,16,0.39,0.327,0.7170000000000001,29,0.303,31,137,141,0.97,10,0.58,3.57,0.122,57.1,t1909,206,0.615,3
2019,한동민,9,0.265,125,502,427,52,113,20,0,12,169,52,0,0,55,4,20,100,6,0.396,0.375,0.7709999999999999,28,0.264,32,108,106,1.02,7,0.55,4.0,0.131,65.7,t1909,210,0.615,3
2019,김성현,9,0.246,144,472,426,45,105,16,2,1,128,34,8,3,33,0,2,43,15,0.3,0.302,0.602,24,0.21600000000000005,19,148,133,1.11,3,0.77,3.47,0.054000000000000006,37.0,t1909,217,0.615,3
2019,로맥,9,0.276,137,589,504,86,139,28,1,29,256,95,0,6,73,3,6,117,11,0.508,0.37,0.878,39,0.266,58,90,164,0.55,12,0.62,4.19,0.232,94.5,t1909,226,0.615,3
2019,김강민,9,0.27,127,460,422,54,114,14,2,8,156,50,0,3,31,3,4,103,2,0.37,0.324,0.6940000000000001,31,0.298,24,88,120,0.73,7,0.3,3.95,0.1,52.3,t1909,229,0.615,3
2019,이재원,9,0.268,139,502,451,33,121,19,0,12,176,75,1,7,34,2,9,59,16,0.39,0.327,0.7170000000000001,29,0.303,31,137,141,0.97,10,0.58,3.57,0.122,57.1,t1909,231,0.615,3
2019,한동민,9,0.265,125,502,427,52,113,20,0,12,169,52,0,0,55,4,20,100,6,0.396,0.375,0.7709999999999999,28,0.264,32,108,106,1.02,7,0.55,4.0,0.131,65.7,t1909,235,0.615,3
2019,김성현,9,0.246,144,472,426,45,105,16,2,1,128,34,8,3,33,0,2,43,15,0.3,0.302,0.602,24,0.21600000000000005,19,148,133,1.11,3,0.77,3.47,0.054000000000000006,37.0,t1909,242,0.615,3
2019,김상수,8,0.271,129,543,468,76,127,20,2,5,166,38,6,4,50,1,15,67,14,0.355,0.358,0.713,36,0.228,27,145,133,1.09,4,0.75,3.95,0.083,63.8,t1908,202,0.42,8
2019,구자욱,8,0.267,122,526,475,66,127,27,6,15,211,71,0,6,38,2,7,88,5,0.444,0.327,0.7709999999999999,32,0.302,48,110,156,0.71,9,0.43,3.65,0.177,71.3,t1908,208,0.42,8
2019,이원석,8,0.246,111,455,395,44,97,20,0,19,174,76,2,7,43,0,8,73,10,0.441,0.327,0.768,24,0.304,39,87,145,0.6,4,0.59,4.0,0.195,59.7,t1908,218,0.42,8
2019,박해민,8,0.239,144,581,506,64,121,16,7,5,166,44,12,3,58,0,2,82,4,0.328,0.318,0.6459999999999999,34,0.239,28,152,154,0.99,2,0.71,4.1,0.08900000000000001,59.8,t1908,219,0.42,8
2019,김상수,8,0.271,129,543,468,76,127,20,2,5,166,38,6,4,50,1,15,67,14,0.355,0.358,0.713,36,0.228,27,145,133,1.09,4,0.75,3.95,0.083,63.8,t1908,227,0.42,8
2019,구자욱,8,0.267,122,526,475,66,127,27,6,15,211,71,0,6,38,2,7,88,5,0.444,0.327,0.7709999999999999,32,0.302,48,110,156,0.71,9,0.43,3.65,0.177,71.3,t1908,233,0.42,8
2019,이원석,8,0.246,111,455,395,44,97,20,0,19,174,76,2,7,43,0,8,73,10,0.441,0.327,0.768,24,0.304,39,87,145,0.6,4,0.59,4.0,0.195,59.7,t1908,243,0.42,8
2019,박해민,8,0.239,144,581,506,64,121,16,7,5,166,44,12,3,58,0,2,82,4,0.328,0.318,0.6459999999999999,34,0.239,28,152,154,0.99,2,0.71,4.1,0.08900000000000001,59.8,t1908,244,0.42,8
2019,유강남,4,0.27,132,468,418,44,113,22,0,16,183,49,1,6,30,2,13,82,21,0.438,0.334,0.772,25,0.21,38,115,114,1.01,8,0.37,3.86,0.16699999999999998,56.8,t1904,203,0.552,4
2019,오지환,4,0.252,134,547,473,63,119,23,5,9,179,53,7,3,57,1,7,113,7,0.378,0.339,0.7170000000000001,32,0.256,37,122,122,1.0,8,0.5,4.11,0.127,66.7,t1904,215,0.552,4
2019,유강남,4,0.27,132,468,418,44,113,22,0,16,183,49,1,6,30,2,13,82,21,0.438,0.334,0.772,25,0.21,38,115,114,1.01,8,0.37,3.86,0.16699999999999998,56.8,t1904,228,0.552,4
2019,오지환,4,0.252,134,547,473,63,119,23,5,9,179,53,7,3,57,1,7,113,7,0.378,0.339,0.7170000000000001,32,0.256,37,122,122,1.0,8,0.5,4.11,0.127,66.7,t1904,240,0.552,4
2019,이창진,5,0.27,133,470,400,57,108,25,1,6,153,48,4,5,57,0,4,92,8,0.383,0.363,0.746,27,0.267,32,82,123,0.67,4,0.62,3.93,0.113,57.3,t1905,205,0.4370000000000001,7
2019,박찬호,5,0.26,133,541,504,60,131,15,4,2,160,49,5,2,26,0,4,83,8,0.317,0.3,0.617,36,0.308,21,173,119,1.45,4,0.31,3.88,0.058,51.9,t1905,213,0.4370000000000001,7
2019,이창진,5,0.27,133,470,400,57,108,25,1,6,153,48,4,5,57,0,4,92,8,0.383,0.363,0.746,27,0.267,32,82,123,0.67,4,0.62,3.93,0.113,57.3,t1905,230,0.4370000000000001,7
2019,박찬호,5,0.26,133,541,504,60,131,15,4,2,160,49,5,2,26,0,4,83,8,0.317,0.3,0.617,36,0.308,21,173,119,1.45,4,0.31,3.88,0.058,51.9,t1905,238,0.4370000000000001,7
2019,송광민,10,0.264,122,486,454,50,120,21,0,7,162,51,3,5,21,0,3,91,18,0.35700000000000004,0.298,0.655,35,0.261,28,128,120,1.07,2,0.23,3.39,0.093,44.7,t1910,211,0.403,9
2019,정은원,10,0.262,142,624,564,83,148,27,6,8,211,57,6,6,48,0,0,101,6,0.374,0.317,0.691,44,0.241,41,175,146,1.2,2,0.48,3.99,0.112,69.3,t1910,212,0.403,9
2019,이성열,10,0.256,129,476,414,60,106,21,1,21,192,85,1,4,48,1,9,114,7,0.464,0.343,0.807,25,0.314,43,110,88,1.25,12,0.42,3.81,0.208,67.6,t1910,214,0.403,9
2019,오선진,10,0.224,122,453,392,37,88,16,0,3,113,36,10,3,38,0,10,72,8,0.28800000000000003,0.307,0.595,22,0.263,19,111,124,0.9,5,0.53,3.92,0.064,37.9,t1910,220,0.403,9
2019,송광민,10,0.264,122,486,454,50,120,21,0,7,162,51,3,5,21,0,3,91,18,0.35700000000000004,0.298,0.655,35,0.261,28,128,120,1.07,2,0.23,3.39,0.093,44.7,t1910,236,0.403,9
2019,정은원,10,0.262,142,624,564,83,148,27,6,8,211,57,6,6,48,0,0,101,6,0.374,0.317,0.691,44,0.241,41,175,146,1.2,2,0.48,3.99,0.112,69.3,t1910,237,0.403,9
2019,이성열,10,0.256,129,476,414,60,106,21,1,21,192,85,1,4,48,1,9,114,7,0.464,0.343,0.807,25,0.314,43,110,88,1.25,12,0.42,3.81,0.208,67.6,t1910,239,0.403,9
2019,오선진,10,0.224,122,453,392,37,88,16,0,3,113,36,10,3,38,0,10,72,8,0.28800000000000003,0.307,0.595,22,0.263,19,111,124,0.9,5,0.53,3.92,0.064,37.9,t1910,245,0.403,9
