year,name,team,avg,game,pa,ab,run,hit,b2,b3,hr,tb,rbi,sac,sf,bb,ibb,hbp,so,gdp,slg,obp,ops,mh,risp,xbh,go,ao,goao,gw,bbk,isop,xr,gpa,posi,era,w,l,wpct,ip,ph,phr,pbb,phbp,pso,r,er,whip,qs,tbf,np,pavg,pb2,pb3,id,odds,rank
2015,테임즈,NC,0.381,142,595.0,472.0,130.0,180.0,42.0,5.0,47.0,373.0,140.0,0.0,7.0,103.0,11.0,13.0,91.0,7.0,0.79,0.49700000000000005,1.287,52.0,0.31,94.0,75.0,133.0,0.56,12.0,1.13,3.97,0.409,162.2,1,,,,,,,,,,,,,,,,,,,,t1501,0.596,3
2015,나성범,NC,0.326,144,622.0,564.0,112.0,184.0,34.0,5.0,28.0,312.0,135.0,3.0,8.0,32.0,1.0,15.0,127.0,9.0,0.5529999999999999,0.373,0.9259999999999999,57.0,0.36700000000000005,67.0,126.0,135.0,0.93,22.0,0.25,3.65,0.22699999999999998,111.8,1,,,,,,,,,,,,,,,,,,,,t1501,0.596,3
2015,박민우,NC,0.304,141,617.0,520.0,111.0,158.0,31.0,6.0,3.0,210.0,47.0,3.0,7.0,73.0,0.0,14.0,108.0,4.0,0.40399999999999997,0.39899999999999997,0.8029999999999999,44.0,0.379,40.0,133.0,128.0,1.04,1.0,0.68,4.2,0.1,92.4,1,,,,,,,,,,,,,,,,,,,,t1501,0.596,3
2015,김종호,NC,0.295,133,486.0,424.0,90.0,125.0,16.0,7.0,4.0,167.0,36.0,10.0,3.0,44.0,0.0,4.0,65.0,11.0,0.39399999999999996,0.364,0.758,34.0,0.27,27.0,155.0,82.0,1.89,5.0,0.68,3.79,0.099,64.1,1,,,,,,,,,,,,,,,,,,,,t1501,0.596,3
2015,이호준,NC,0.294,131,518.0,449.0,48.0,132.0,25.0,0.0,24.0,229.0,110.0,3.0,2.0,61.0,7.0,3.0,102.0,16.0,0.51,0.381,0.8909999999999999,34.0,0.314,49.0,120.0,97.0,1.24,7.0,0.6,4.03,0.21600000000000003,80.1,1,,,,,,,,,,,,,,,,,,,,t1501,0.596,3
2015,이종욱,NC,0.268,125,504.0,440.0,63.0,118.0,25.0,2.0,5.0,162.0,52.0,4.0,3.0,54.0,6.0,3.0,78.0,5.0,0.368,0.35,0.718,29.0,0.256,32.0,119.0,128.0,0.93,6.0,0.69,3.99,0.1,60.7,1,,,,,,,,,,,,,,,,,,,,t1501,0.596,3
2015,지석훈,NC,0.267,137,466.0,415.0,53.0,111.0,15.0,0.0,11.0,159.0,46.0,9.0,3.0,23.0,0.0,16.0,85.0,9.0,0.38299999999999995,0.32799999999999996,0.711,26.0,0.24,26.0,125.0,97.0,1.29,5.0,0.27,3.73,0.11599999999999999,52.9,1,,,,,,,,,,,,,,,,,,,,t1501,0.596,3
2015,김태군,NC,0.254,144,474.0,421.0,45.0,107.0,24.0,0.0,6.0,149.0,52.0,11.0,7.0,25.0,0.0,10.0,77.0,12.0,0.354,0.307,0.6609999999999999,26.0,0.23800000000000002,30.0,125.0,119.0,1.05,5.0,0.32,3.66,0.1,45.9,1,,,,,,,,,,,,,,,,,,,,t1501,0.596,3
2015,손시헌,NC,0.245,140,508.0,440.0,56.0,108.0,24.0,2.0,13.0,175.0,58.0,13.0,5.0,36.0,0.0,14.0,66.0,16.0,0.39799999999999996,0.319,0.7170000000000001,25.0,0.261,39.0,142.0,129.0,1.1,8.0,0.55,3.62,0.152,55.5,1,,,,,,,,,,,,,,,,,,,,t1501,0.596,3
2015,해커,NC,,31,,,,,,,,,,,,,,,,,,,,,,,,,,,,,,,2,3.13,19.0,5.0,0.792,2.0,174.0,14.0,36.0,,164.0,81.0,71.0,1.03,25.0,833.0,3075.0,0.23199999999999998,34.0,0.0,t1501,0.596,3
2015,유한준,넥센,0.36200000000000004,139,598.0,520.0,103.0,188.0,42.0,1.0,23.0,301.0,116.0,1.0,8.0,67.0,2.0,2.0,71.0,13.0,0.579,0.43,1.0090000000000001,62.0,0.395,66.0,131.0,138.0,0.95,9.0,0.94,4.01,0.217,116.0,1,,,,,,,,,,,,,,,,,,,,t1502,0.545,4
2015,박병호,넥센,0.34299999999999997,140,622.0,528.0,129.0,181.0,35.0,1.0,53.0,377.0,146.0,0.0,4.0,78.0,6.0,12.0,161.0,10.0,0.7140000000000001,0.436,1.15,50.0,0.375,89.0,87.0,103.0,0.84,16.0,0.48,4.05,0.371,144.7,1,,,,,,,,,,,,,,,,,,,,t1502,0.545,4
2015,김민성,넥센,0.303,118,489.0,445.0,60.0,135.0,24.0,0.0,16.0,207.0,71.0,2.0,3.0,31.0,1.0,8.0,62.0,15.0,0.465,0.35700000000000004,0.8220000000000001,40.0,0.257,40.0,120.0,131.0,0.92,2.0,0.5,3.94,0.162,68.1,1,,,,,,,,,,,,,,,,,,,,t1502,0.545,4
2015,김하성,넥센,0.29,140,582.0,511.0,89.0,148.0,35.0,5.0,19.0,250.0,73.0,4.0,6.0,56.0,2.0,5.0,115.0,10.0,0.489,0.36200000000000004,0.851,42.0,0.26,59.0,111.0,143.0,0.78,4.0,0.49,4.23,0.2,90.6,1,,,,,,,,,,,,,,,,,,,,t1502,0.545,4
2015,스나이더,넥센,0.281,113,487.0,431.0,88.0,121.0,26.0,1.0,26.0,227.0,71.0,3.0,5.0,37.0,0.0,11.0,135.0,2.0,0.527,0.349,0.8759999999999999,37.0,0.21,53.0,65.0,115.0,0.57,4.0,0.27,4.17,0.24600000000000002,79.9,1,,,,,,,,,,,,,,,,,,,,t1502,0.545,4
2015,밴헤켄,넥센,,32,,,,,,,,,,,,,,,,,,,,,,,,,,,,,,,2,3.62,15.0,8.0,0.652,1.0,190.0,14.0,67.0,,193.0,92.0,79.0,1.31,16.0,825.0,3278.0,0.257,36.0,3.0,t1502,0.545,4
2015,피어밴드,넥센,,30,,,,,,,,,,,,,,,,,,,,,,,,,,,,,,,2,4.67,13.0,11.0,0.542,1.0,202.0,23.0,61.0,,137.0,101.0,92.0,1.48,18.0,774.0,2900.0,0.294,34.0,7.0,t1502,0.545,4
2015,구자욱,삼성,0.349,116,465.0,410.0,97.0,143.0,33.0,5.0,11.0,219.0,57.0,0.0,4.0,45.0,0.0,6.0,79.0,3.0,0.534,0.41700000000000004,0.951,43.0,0.33,49.0,89.0,103.0,0.86,2.0,0.57,3.97,0.185,85.7,1,,,,,,,,,,,,,,,,,,,,t1508,0.611,2
2015,이승엽,삼성,0.332,122,522.0,470.0,87.0,156.0,28.0,1.0,26.0,264.0,90.0,0.0,6.0,40.0,2.0,6.0,71.0,10.0,0.562,0.387,0.9490000000000001,45.0,0.321,55.0,114.0,135.0,0.84,8.0,0.56,3.86,0.23,94.3,1,,,,,,,,,,,,,,,,,,,,t1508,0.611,2
2015,박석민,삼성,0.321,135,559.0,448.0,90.0,144.0,25.0,0.0,26.0,247.0,116.0,1.0,8.0,83.0,0.0,19.0,97.0,13.0,0.551,0.441,0.992,32.0,0.42,51.0,103.0,112.0,0.92,14.0,0.86,4.26,0.23,107.2,1,,,,,,,,,,,,,,,,,,,,t1508,0.611,2
2015,최형우,삼성,0.318,144,637.0,547.0,94.0,174.0,33.0,1.0,33.0,308.0,123.0,0.0,8.0,73.0,7.0,9.0,101.0,13.0,0.563,0.402,0.965,46.0,0.302,67.0,114.0,166.0,0.69,18.0,0.72,4.02,0.245,115.6,1,,,,,,,,,,,,,,,,,,,,t1508,0.611,2
2015,박해민,삼성,0.293,144,608.0,525.0,96.0,154.0,22.0,7.0,0.0,190.0,47.0,23.0,2.0,56.0,1.0,2.0,126.0,8.0,0.36200000000000004,0.36200000000000004,0.7240000000000001,40.0,0.294,29.0,160.0,87.0,1.84,6.0,0.44,3.9,0.069,77.8,1,,,,,,,,,,,,,,,,,,,,t1508,0.611,2
2015,나바로,삼성,0.287,140,643.0,534.0,126.0,153.0,19.0,1.0,48.0,318.0,137.0,1.0,9.0,93.0,8.0,6.0,72.0,10.0,0.596,0.39299999999999996,0.9890000000000001,41.0,0.271,68.0,137.0,181.0,0.76,11.0,1.29,4.21,0.309,126.1,1,,,,,,,,,,,,,,,,,,,,t1508,0.611,2
2015,김상수,삼성,0.278,132,518.0,449.0,67.0,125.0,30.0,4.0,8.0,187.0,63.0,13.0,7.0,43.0,0.0,6.0,56.0,9.0,0.41600000000000004,0.345,0.7609999999999999,35.0,0.287,42.0,126.0,149.0,0.85,5.0,0.77,3.71,0.138,68.7,1,,,,,,,,,,,,,,,,,,,,t1508,0.611,2
2015,피가로,삼성,,25,,,,,,,,,,,,,,,,,,,,,,,,,,,,,,,2,3.38,13.0,7.0,0.65,1.0,154.0,16.0,51.0,,117.0,66.0,62.0,1.24,18.0,688.0,2617.0,0.251,26.0,3.0,t1508,0.611,2
2015,윤성환,삼성,,30,,,,,,,,,,,,,,,,,,,,,,,,,,,,,,,2,3.76,17.0,8.0,0.68,1.0,199.0,27.0,30.0,,164.0,86.0,81.0,1.18,17.0,809.0,3042.0,0.264,34.0,4.0,t1508,0.611,2
2015,차우찬,삼성,,31,,,,,,,,,,,,,,,,,,,,,,,,,,,,,,,2,4.79,13.0,7.0,0.65,1.0,160.0,28.0,74.0,,194.0,98.0,92.0,1.35,17.0,743.0,3069.0,0.245,36.0,1.0,t1508,0.611,2
2015,클로이드,삼성,,28,,,,,,,,,,,,,,,,,,,,,,,,,,,,,,,2,5.19,11.0,11.0,0.5,1.0,190.0,24.0,38.0,,123.0,103.0,92.0,1.43,14.0,705.0,2705.0,0.297,36.0,0.0,t1508,0.611,2
2015,마르테,KT,0.348,115,487.0,425.0,85.0,148.0,32.0,1.0,20.0,242.0,89.0,0.0,8.0,51.0,7.0,2.0,60.0,19.0,0.569,0.414,0.983,44.0,0.305,53.0,88.0,137.0,0.64,7.0,0.85,3.57,0.221,88.3,1,,,,,,,,,,,,,,,,,,,,t1507,0.364,10
2015,이대형,KT,0.302,140,616.0,546.0,86.0,165.0,23.0,3.0,0.0,194.0,37.0,10.0,1.0,53.0,0.0,6.0,92.0,5.0,0.355,0.37,0.725,44.0,0.29,26.0,236.0,54.0,4.37,2.0,0.58,3.77,0.053,76.6,1,,,,,,,,,,,,,,,,,,,,t1507,0.364,10
2015,박경수,KT,0.284,137,537.0,440.0,75.0,125.0,30.0,1.0,22.0,223.0,73.0,6.0,4.0,74.0,1.0,13.0,115.0,8.0,0.507,0.39899999999999997,0.9059999999999999,38.0,0.28800000000000003,53.0,99.0,105.0,0.94,7.0,0.64,4.28,0.223,89.1,1,,,,,,,,,,,,,,,,,,,,t1507,0.364,10
2015,장성우,KT,0.284,133,491.0,433.0,55.0,123.0,20.0,1.0,13.0,184.0,77.0,3.0,9.0,46.0,1.0,0.0,85.0,12.0,0.425,0.34600000000000003,0.7709999999999999,31.0,0.28600000000000003,34.0,123.0,111.0,1.11,10.0,0.54,4.0,0.141,64.2,1,,,,,,,,,,,,,,,,,,,,t1507,0.364,10
2015,김상현,KT,0.28,134,539.0,475.0,71.0,133.0,20.0,0.0,27.0,234.0,88.0,0.0,6.0,50.0,4.0,8.0,115.0,21.0,0.493,0.354,0.847,37.0,0.25,47.0,140.0,93.0,1.51,3.0,0.43,4.02,0.213,77.5,1,,,,,,,,,,,,,,,,,,,,t1507,0.364,10
2015,옥스프링,KT,,31,,,,,,,,,,,,,,,,,,,,,,,,,,,,,,,2,4.48,12.0,10.0,0.545,1.0,200.0,23.0,66.0,,142.0,104.0,92.0,1.44,15.0,806.0,3142.0,0.282,33.0,0.0,t1507,0.364,10
2015,이용규,한화,0.341,124,585.0,493.0,94.0,168.0,15.0,7.0,4.0,209.0,42.0,11.0,4.0,68.0,5.0,9.0,45.0,4.0,0.424,0.42700000000000005,0.851,49.0,0.35,26.0,177.0,107.0,1.65,3.0,1.51,3.98,0.083,93.2,1,,,,,,,,,,,,,,,,,,,,t1510,0.472,6
2015,정근우,한화,0.316,126,552.0,468.0,99.0,148.0,30.0,2.0,12.0,218.0,66.0,13.0,2.0,61.0,1.0,8.0,66.0,14.0,0.466,0.40299999999999997,0.8690000000000001,48.0,0.307,44.0,158.0,98.0,1.61,13.0,0.92,3.59,0.15,84.9,1,,,,,,,,,,,,,,,,,,,,t1510,0.472,6
2015,김태균,한화,0.316,133,524.0,408.0,61.0,129.0,28.0,0.0,21.0,220.0,104.0,1.0,5.0,98.0,12.0,12.0,80.0,19.0,0.539,0.457,0.996,30.0,0.353,49.0,120.0,84.0,1.43,11.0,1.23,4.24,0.223,96.1,1,,,,,,,,,,,,,,,,,,,,t1510,0.472,6
2015,탈보트,한화,,30,,,,,,,,,,,,,,,,,,,,,,,,,,,,,,,2,4.72,10.0,11.0,0.47600000000000003,1.0,153.0,11.0,85.0,,120.0,93.0,82.0,1.52,15.0,695.0,2807.0,0.262,26.0,1.0,t1510,0.472,6
2015,박용택,LG,0.326,128,533.0,487.0,66.0,159.0,28.0,2.0,18.0,245.0,83.0,1.0,7.0,34.0,1.0,4.0,73.0,12.0,0.503,0.37,0.873,50.0,0.35700000000000004,48.0,127.0,135.0,0.94,10.0,0.47,3.77,0.177,85.3,1,,,,,,,,,,,,,,,,,,,,t1504,0.451,9
2015,오지환,LG,0.278,138,566.0,497.0,76.0,138.0,41.0,4.0,11.0,220.0,56.0,3.0,3.0,59.0,1.0,4.0,121.0,2.0,0.44299999999999995,0.35700000000000004,0.8,39.0,0.264,56.0,117.0,124.0,0.94,9.0,0.49,4.29,0.165,80.4,1,,,,,,,,,,,,,,,,,,,,t1504,0.451,9
2015,우규민,LG,,25,,,,,,,,,,,,,,,,,,,,,,,,,,,,,,,2,3.42,11.0,9.0,0.55,1.0,163.0,13.0,17.0,,119.0,64.0,58.0,1.18,13.0,621.0,2256.0,0.282,26.0,5.0,t1504,0.451,9
2015,소사,LG,,32,,,,,,,,,,,,,,,,,,,,,,,,,,,,,,,2,4.03,10.0,12.0,0.455,1.0,199.0,16.0,36.0,,177.0,102.0,87.0,1.21,19.0,809.0,3138.0,0.266,39.0,7.0,t1504,0.451,9
2015,루카스,LG,,33,,,,,,,,,,,,,,,,,,,,,,,,,,,,,,,2,4.93,10.0,11.0,0.47600000000000003,1.0,175.0,11.0,108.0,,151.0,103.0,94.0,1.65,12.0,785.0,3261.0,0.27,21.0,1.0,t1504,0.451,9
2015,김현수,두산,0.326,141,630.0,512.0,103.0,167.0,26.0,0.0,28.0,277.0,121.0,0.0,9.0,101.0,12.0,8.0,63.0,13.0,0.541,0.43799999999999994,0.9790000000000001,50.0,0.33299999999999996,54.0,146.0,145.0,1.01,13.0,1.6,3.72,0.215,118.9,1,,,,,,,,,,,,,,,,,,,,t1503,0.5489999999999999,1
2015,양의지,두산,0.326,132,513.0,442.0,70.0,144.0,27.0,0.0,20.0,231.0,93.0,2.0,6.0,39.0,3.0,24.0,64.0,7.0,0.523,0.405,0.9279999999999999,45.0,0.28300000000000003,47.0,81.0,159.0,0.51,12.0,0.61,3.78,0.19699999999999998,89.9,1,,,,,,,,,,,,,,,,,,,,t1503,0.5489999999999999,1
2015,허경민,두산,0.317,117,453.0,404.0,64.0,128.0,20.0,2.0,1.0,155.0,41.0,8.0,3.0,31.0,0.0,7.0,42.0,11.0,0.384,0.373,0.757,36.0,0.27399999999999997,23.0,136.0,101.0,1.35,1.0,0.74,3.66,0.067,56.0,1,,,,,,,,,,,,,,,,,,,,t1503,0.5489999999999999,1
2015,김재호,두산,0.307,133,488.0,410.0,63.0,126.0,24.0,3.0,3.0,165.0,50.0,14.0,7.0,54.0,0.0,3.0,42.0,18.0,0.402,0.386,0.7879999999999999,33.0,0.306,30.0,101.0,148.0,0.68,6.0,1.29,3.85,0.095,63.3,1,,,,,,,,,,,,,,,,,,,,t1503,0.5489999999999999,1
2015,민병헌,두산,0.303,129,561.0,491.0,80.0,149.0,20.0,2.0,12.0,209.0,75.0,6.0,6.0,50.0,0.0,8.0,74.0,15.0,0.426,0.373,0.799,47.0,0.32299999999999995,34.0,131.0,143.0,0.92,6.0,0.68,3.78,0.122,76.8,1,,,,,,,,,,,,,,,,,,,,t1503,0.5489999999999999,1
2015,정수빈,두산,0.295,128,570.0,491.0,79.0,145.0,27.0,7.0,2.0,192.0,59.0,19.0,6.0,43.0,1.0,11.0,70.0,9.0,0.391,0.361,0.752,42.0,0.32,36.0,172.0,110.0,1.56,5.0,0.61,3.78,0.096,70.1,1,,,,,,,,,,,,,,,,,,,,t1503,0.5489999999999999,1
2015,오재원,두산,0.28,120,474.0,411.0,60.0,115.0,20.0,2.0,11.0,172.0,59.0,7.0,4.0,47.0,1.0,4.0,94.0,9.0,0.418,0.35600000000000004,0.774,27.0,0.293,33.0,108.0,98.0,1.1,6.0,0.5,4.15,0.139,64.6,1,,,,,,,,,,,,,,,,,,,,t1503,0.5489999999999999,1
2015,유희관,두산,,30,,,,,,,,,,,,,,,,,,,,,,,,,,,,,,,2,3.94,18.0,5.0,0.7829999999999999,1.0,193.0,23.0,44.0,,126.0,84.0,83.0,1.25,17.0,786.0,2965.0,0.26899999999999996,33.0,5.0,t1503,0.5489999999999999,1
2015,장원준,두산,,30,,,,,,,,,,,,,,,,,,,,,,,,,,,,,,,2,4.08,12.0,12.0,0.5,1.0,182.0,13.0,68.0,,128.0,86.0,77.0,1.47,17.0,748.0,2942.0,0.281,35.0,2.0,t1503,0.5489999999999999,1
2015,필,KIA,0.325,143,591.0,536.0,81.0,174.0,35.0,1.0,22.0,277.0,101.0,0.0,9.0,43.0,6.0,3.0,74.0,12.0,0.517,0.37200000000000005,0.889,55.0,0.33299999999999996,58.0,139.0,158.0,0.88,15.0,0.58,3.56,0.192,96.1,1,,,,,,,,,,,,,,,,,,,,t1505,0.465,7
2015,이범호,KIA,0.27,138,514.0,437.0,60.0,118.0,25.0,0.0,28.0,227.0,79.0,0.0,4.0,57.0,1.0,16.0,91.0,16.0,0.519,0.37200000000000005,0.8909999999999999,29.0,0.245,53.0,99.0,133.0,0.74,7.0,0.63,4.02,0.249,80.9,1,,,,,,,,,,,,,,,,,,,,t1505,0.465,7
2015,양현종,KIA,,32,,,,,,,,,,,,,,,,,,,,,,,,,,,,,,,2,2.44,15.0,6.0,0.7140000000000001,1.0,150.0,18.0,78.0,,157.0,52.0,50.0,1.24,19.0,756.0,3041.0,0.23199999999999998,27.0,2.0,t1505,0.465,7
2015,스틴슨,KIA,,32,,,,,,,,,,,,,,,,,,,,,,,,,,,,,,,2,4.96,11.0,10.0,0.524,1.0,190.0,15.0,64.0,,93.0,100.0,92.0,1.52,12.0,756.0,2842.0,0.28800000000000003,30.0,6.0,t1505,0.465,7
2015,손아섭,롯데,0.317,116,517.0,445.0,86.0,141.0,28.0,1.0,13.0,210.0,54.0,0.0,3.0,68.0,3.0,1.0,96.0,6.0,0.47200000000000003,0.406,0.878,39.0,0.354,42.0,144.0,67.0,2.15,7.0,0.71,4.15,0.155,83.4,1,,,,,,,,,,,,,,,,,,,,t1506,0.462,8
2015,아두치,롯데,0.314,132,594.0,526.0,105.0,165.0,34.0,5.0,28.0,293.0,106.0,1.0,4.0,55.0,8.0,8.0,118.0,9.0,0.557,0.384,0.941,45.0,0.354,67.0,140.0,107.0,1.31,10.0,0.47,4.02,0.243,105.6,1,,,,,,,,,,,,,,,,,,,,t1506,0.462,8
2015,강민호,롯데,0.311,123,456.0,380.0,63.0,118.0,18.0,1.0,35.0,243.0,86.0,0.0,2.0,60.0,2.0,14.0,112.0,14.0,0.639,0.42100000000000004,1.06,32.0,0.322,54.0,73.0,79.0,0.92,7.0,0.54,4.21,0.32899999999999996,92.5,1,,,,,,,,,,,,,,,,,,,,t1506,0.462,8
2015,최준석,롯데,0.306,144,618.0,507.0,78.0,155.0,18.0,1.0,31.0,268.0,109.0,1.0,1.0,108.0,4.0,1.0,134.0,17.0,0.529,0.428,0.9570000000000001,38.0,0.34,50.0,129.0,90.0,1.43,10.0,0.81,4.51,0.223,109.2,1,,,,,,,,,,,,,,,,,,,,t1506,0.462,8
2015,정훈,롯데,0.3,135,562.0,486.0,85.0,146.0,27.0,2.0,9.0,204.0,62.0,7.0,3.0,52.0,2.0,14.0,102.0,14.0,0.42,0.382,0.802,40.0,0.295,38.0,128.0,113.0,1.13,2.0,0.51,4.04,0.11900000000000001,76.5,1,,,,,,,,,,,,,,,,,,,,t1506,0.462,8
2015,황재균,롯데,0.29,144,596.0,534.0,95.0,155.0,41.0,2.0,26.0,278.0,97.0,4.0,6.0,48.0,1.0,4.0,122.0,14.0,0.521,0.35,0.871,43.0,0.242,69.0,109.0,154.0,0.71,7.0,0.39,3.71,0.23,90.5,1,,,,,,,,,,,,,,,,,,,,t1506,0.462,8
2015,린드블럼,롯데,,32,,,,,,,,,,,,,,,,,,,,,,,,,,,,,,,2,3.56,13.0,11.0,0.542,2.0,196.0,28.0,52.0,,180.0,86.0,83.0,1.18,23.0,861.0,3329.0,0.25,32.0,3.0,t1506,0.462,8
2015,레일리,롯데,,31,,,,,,,,,,,,,,,,,,,,,,,,,,,,,,,2,3.91,11.0,9.0,0.55,1.0,182.0,20.0,57.0,,134.0,93.0,78.0,1.33,19.0,768.0,2909.0,0.267,27.0,2.0,t1506,0.462,8
2015,이명기,SK,0.315,137,582.0,521.0,88.0,164.0,30.0,2.0,3.0,207.0,35.0,11.0,4.0,35.0,0.0,11.0,86.0,7.0,0.397,0.368,0.765,45.0,0.28800000000000003,35.0,177.0,98.0,1.81,1.0,0.41,3.87,0.083,75.4,1,,,,,,,,,,,,,,,,,,,,t1509,0.486,5
2015,김성현,SK,0.297,129,449.0,397.0,49.0,118.0,20.0,0.0,8.0,162.0,48.0,12.0,2.0,31.0,0.0,7.0,42.0,14.0,0.408,0.35700000000000004,0.765,34.0,0.324,28.0,121.0,118.0,1.03,5.0,0.74,3.49,0.111,53.3,1,,,,,,,,,,,,,,,,,,,,t1509,0.486,5
2015,이재원,SK,0.282,140,559.0,489.0,58.0,138.0,18.0,1.0,17.0,209.0,100.0,0.0,5.0,54.0,5.0,11.0,85.0,22.0,0.42700000000000005,0.363,0.79,37.0,0.319,36.0,115.0,156.0,0.74,11.0,0.64,3.66,0.145,71.8,1,,,,,,,,,,,,,,,,,,,,t1509,0.486,5
2015,박정권,SK,0.281,124,494.0,438.0,66.0,123.0,23.0,0.0,21.0,209.0,70.0,4.0,2.0,46.0,1.0,4.0,119.0,9.0,0.47700000000000004,0.353,0.83,33.0,0.261,44.0,96.0,102.0,0.94,5.0,0.39,4.02,0.196,71.1,1,,,,,,,,,,,,,,,,,,,,t1509,0.486,5
2015,브라운,SK,0.261,137,539.0,464.0,82.0,121.0,21.0,2.0,28.0,230.0,76.0,0.0,2.0,66.0,4.0,7.0,127.0,12.0,0.496,0.36,0.856,31.0,0.23199999999999998,51.0,116.0,102.0,1.14,9.0,0.52,3.98,0.235,81.7,1,,,,,,,,,,,,,,,,,,,,t1509,0.486,5
2015,김광현,SK,,30,,,,,,,,,,,,,,,,,,,,,,,,,,,,,,,2,3.72,14.0,6.0,0.7,1.0,173.0,19.0,66.0,,160.0,86.0,73.0,1.35,16.0,754.0,2896.0,0.257,33.0,0.0,t1509,0.486,5
2015,켈리,SK,,30,,,,,,,,,,,,,,,,,,,,,,,,,,,,,,,2,4.13,11.0,10.0,0.524,1.0,188.0,16.0,54.0,,139.0,87.0,83.0,1.34,17.0,775.0,2878.0,0.27,28.0,1.0,t1509,0.486,5
2016,나성범,NC,0.309,144,653.0,572.0,116.0,177.0,37.0,2.0,22.0,284.0,113.0,1.0,4.0,67.0,2.0,9.0,136.0,4.0,0.49700000000000005,0.38799999999999996,0.885,56.0,0.32,61.0,132.0,131.0,1.01,15.0,0.49,3.79,0.187,107.4,1,,,,,,,,,,,,,,,,,,,,t1601,0.589,2
2016,나성범,NC,0.309,144,653.0,572.0,116.0,177.0,37.0,2.0,22.0,284.0,113.0,1.0,4.0,67.0,2.0,9.0,136.0,4.0,0.49700000000000005,0.38799999999999996,0.885,56.0,0.32,61.0,132.0,131.0,1.01,15.0,0.49,3.79,0.187,107.4,1,,,,,,,,,,,,,,,,,,,,t1601,0.589,2
2016,박석민,NC,0.307,126,506.0,427.0,77.0,131.0,20.0,0.0,32.0,247.0,104.0,2.0,4.0,56.0,2.0,16.0,95.0,18.0,0.578,0.40399999999999997,0.982,39.0,0.354,52.0,98.0,107.0,0.92,9.0,0.59,4.14,0.272,92.1,1,,,,,,,,,,,,,,,,,,,,t1601,0.589,2
2016,박석민,NC,0.307,126,506.0,427.0,77.0,131.0,20.0,0.0,32.0,247.0,104.0,2.0,4.0,56.0,2.0,16.0,95.0,18.0,0.578,0.40399999999999997,0.982,39.0,0.354,52.0,98.0,107.0,0.92,9.0,0.59,4.14,0.272,92.1,1,,,,,,,,,,,,,,,,,,,,t1601,0.589,2
2016,이종욱,NC,0.305,134,517.0,453.0,73.0,138.0,24.0,4.0,5.0,185.0,57.0,4.0,5.0,54.0,0.0,1.0,73.0,11.0,0.408,0.376,0.784,40.0,0.315,33.0,124.0,123.0,1.01,3.0,0.74,4.2,0.10400000000000001,70.6,1,,,,,,,,,,,,,,,,,,,,t1601,0.589,2
2016,이종욱,NC,0.305,134,517.0,453.0,73.0,138.0,24.0,4.0,5.0,185.0,57.0,4.0,5.0,54.0,0.0,1.0,73.0,11.0,0.408,0.376,0.784,40.0,0.315,33.0,124.0,123.0,1.01,3.0,0.74,4.2,0.10400000000000001,70.6,1,,,,,,,,,,,,,,,,,,,,t1601,0.589,2
2016,이호준,NC,0.298,119,472.0,399.0,46.0,119.0,20.0,0.0,21.0,202.0,87.0,2.0,4.0,65.0,6.0,2.0,78.0,11.0,0.506,0.396,0.902,33.0,0.342,41.0,114.0,92.0,1.24,12.0,0.83,4.14,0.20800000000000002,77.4,1,,,,,,,,,,,,,,,,,,,,t1601,0.589,2
2016,이호준,NC,0.298,119,472.0,399.0,46.0,119.0,20.0,0.0,21.0,202.0,87.0,2.0,4.0,65.0,6.0,2.0,78.0,11.0,0.506,0.396,0.902,33.0,0.342,41.0,114.0,92.0,1.24,12.0,0.83,4.14,0.20800000000000002,77.4,1,,,,,,,,,,,,,,,,,,,,t1601,0.589,2
2016,스튜어트,NC,,27,,,,,,,,,,,,,,,,,,,,,,,,,,,,,,,2,4.56,12.0,8.0,0.6,1.0,160.0,11.0,55.0,,118.0,79.0,76.0,1.43,12.0,653.0,2489.0,0.27699999999999997,20.0,0.0,t1601,0.589,2
2016,이택근,넥센,0.309,127,460.0,398.0,64.0,123.0,19.0,1.0,8.0,168.0,65.0,0.0,6.0,53.0,1.0,3.0,56.0,11.0,0.42200000000000004,0.389,0.8109999999999999,32.0,0.345,28.0,116.0,109.0,1.06,8.0,0.95,3.86,0.113,65.6,1,,,,,,,,,,,,,,,,,,,,t1602,0.5379999999999999,3
2016,이택근,넥센,0.309,127,460.0,398.0,64.0,123.0,19.0,1.0,8.0,168.0,65.0,0.0,6.0,53.0,1.0,3.0,56.0,11.0,0.42200000000000004,0.389,0.8109999999999999,32.0,0.345,28.0,116.0,109.0,1.06,8.0,0.95,3.86,0.113,65.6,1,,,,,,,,,,,,,,,,,,,,t1602,0.5379999999999999,3
2016,김민성,넥센,0.306,141,579.0,510.0,76.0,156.0,39.0,5.0,17.0,256.0,90.0,1.0,12.0,53.0,3.0,3.0,89.0,15.0,0.502,0.36700000000000005,0.8690000000000001,47.0,0.298,61.0,112.0,165.0,0.68,3.0,0.6,4.18,0.196,90.1,1,,,,,,,,,,,,,,,,,,,,t1602,0.5379999999999999,3
2016,김민성,넥센,0.306,141,579.0,510.0,76.0,156.0,39.0,5.0,17.0,256.0,90.0,1.0,12.0,53.0,3.0,3.0,89.0,15.0,0.502,0.36700000000000005,0.8690000000000001,47.0,0.298,61.0,112.0,165.0,0.68,3.0,0.6,4.18,0.196,90.1,1,,,,,,,,,,,,,,,,,,,,t1602,0.5379999999999999,3
2016,대니돈,넥센,0.295,129,497.0,417.0,65.0,123.0,33.0,1.0,16.0,206.0,70.0,1.0,4.0,70.0,4.0,5.0,72.0,8.0,0.494,0.39899999999999997,0.893,34.0,0.297,50.0,83.0,143.0,0.58,7.0,0.97,3.91,0.19899999999999998,81.2,1,,,,,,,,,,,,,,,,,,,,t1602,0.5379999999999999,3
2016,대니돈,넥센,0.295,129,497.0,417.0,65.0,123.0,33.0,1.0,16.0,206.0,70.0,1.0,4.0,70.0,4.0,5.0,72.0,8.0,0.494,0.39899999999999997,0.893,34.0,0.297,50.0,83.0,143.0,0.58,7.0,0.97,3.91,0.19899999999999998,81.2,1,,,,,,,,,,,,,,,,,,,,t1602,0.5379999999999999,3
2016,김하성,넥센,0.281,144,599.0,526.0,92.0,148.0,29.0,7.0,20.0,251.0,84.0,2.0,5.0,60.0,2.0,6.0,80.0,7.0,0.47700000000000004,0.358,0.835,36.0,0.315,56.0,103.0,200.0,0.52,4.0,0.75,4.12,0.196,90.1,1,,,,,,,,,,,,,,,,,,,,t1602,0.5379999999999999,3
2016,김하성,넥센,0.281,144,599.0,526.0,92.0,148.0,29.0,7.0,20.0,251.0,84.0,2.0,5.0,60.0,2.0,6.0,80.0,7.0,0.47700000000000004,0.358,0.835,36.0,0.315,56.0,103.0,200.0,0.52,4.0,0.75,4.12,0.196,90.1,1,,,,,,,,,,,,,,,,,,,,t1602,0.5379999999999999,3
2016,박동원,넥센,0.248,127,454.0,411.0,44.0,102.0,25.0,1.0,14.0,171.0,70.0,6.0,3.0,27.0,0.0,7.0,93.0,18.0,0.41600000000000004,0.304,0.72,26.0,0.25,40.0,117.0,102.0,1.15,8.0,0.29,3.65,0.168,48.1,1,,,,,,,,,,,,,,,,,,,,t1602,0.5379999999999999,3
2016,박동원,넥센,0.248,127,454.0,411.0,44.0,102.0,25.0,1.0,14.0,171.0,70.0,6.0,3.0,27.0,0.0,7.0,93.0,18.0,0.41600000000000004,0.304,0.72,26.0,0.25,40.0,117.0,102.0,1.15,8.0,0.29,3.65,0.168,48.1,1,,,,,,,,,,,,,,,,,,,,t1602,0.5379999999999999,3
2016,신재영,넥센,,30,,,,,,,,,,,,,,,,,,,,,,,,,,,,,,,2,3.9,15.0,7.0,0.682,1.0,192.0,19.0,21.0,,99.0,76.0,73.0,1.26,11.0,718.0,2655.0,0.28600000000000003,35.0,6.0,t1602,0.5379999999999999,3
2016,나지완,KIA,0.308,118,486.0,380.0,84.0,117.0,21.0,2.0,25.0,217.0,90.0,0.0,4.0,85.0,1.0,17.0,90.0,8.0,0.5710000000000001,0.451,1.022,32.0,0.304,48.0,62.0,115.0,0.54,8.0,0.94,4.18,0.263,96.5,1,,,,,,,,,,,,,,,,,,,,t1605,0.49,5
2016,나지완,KIA,0.308,118,486.0,380.0,84.0,117.0,21.0,2.0,25.0,217.0,90.0,0.0,4.0,85.0,1.0,17.0,90.0,8.0,0.5710000000000001,0.451,1.022,32.0,0.304,48.0,62.0,115.0,0.54,8.0,0.94,4.18,0.263,96.5,1,,,,,,,,,,,,,,,,,,,,t1605,0.49,5
2016,서동욱,KIA,0.292,124,485.0,411.0,73.0,120.0,30.0,3.0,16.0,204.0,67.0,6.0,3.0,60.0,1.0,5.0,108.0,8.0,0.496,0.386,0.882,31.0,0.308,49.0,84.0,102.0,0.82,6.0,0.56,4.08,0.204,76.9,1,,,,,,,,,,,,,,,,,,,,t1605,0.49,5
2016,서동욱,KIA,0.292,124,485.0,411.0,73.0,120.0,30.0,3.0,16.0,204.0,67.0,6.0,3.0,60.0,1.0,5.0,108.0,8.0,0.496,0.386,0.882,31.0,0.308,49.0,84.0,102.0,0.82,6.0,0.56,4.08,0.204,76.9,1,,,,,,,,,,,,,,,,,,,,t1605,0.49,5
2016,김호령,KIA,0.267,124,514.0,453.0,72.0,121.0,18.0,3.0,8.0,169.0,41.0,13.0,2.0,36.0,0.0,10.0,104.0,7.0,0.373,0.33299999999999996,0.706,32.0,0.221,29.0,114.0,116.0,0.98,1.0,0.35,3.85,0.106,57.4,1,,,,,,,,,,,,,,,,,,,,t1605,0.49,5
2016,김호령,KIA,0.267,124,514.0,453.0,72.0,121.0,18.0,3.0,8.0,169.0,41.0,13.0,2.0,36.0,0.0,10.0,104.0,7.0,0.373,0.33299999999999996,0.706,32.0,0.221,29.0,114.0,116.0,0.98,1.0,0.35,3.85,0.106,57.4,1,,,,,,,,,,,,,,,,,,,,t1605,0.49,5
2016,헥터,KIA,,31,,,,,,,,,,,,,,,,,,,,,,,,,,,,,,,2,3.4,15.0,5.0,0.75,2.0,211.0,7.0,51.0,,139.0,88.0,78.0,1.27,21.0,868.0,3334.0,0.268,34.0,3.0,t1605,0.49,5
2016,양현종,KIA,,31,,,,,,,,,,,,,,,,,,,,,,,,,,,,,,,2,3.68,10.0,12.0,0.455,2.0,191.0,19.0,77.0,,146.0,96.0,82.0,1.34,22.0,850.0,3207.0,0.255,31.0,2.0,t1605,0.49,5
2016,지크,KIA,,30,,,,,,,,,,,,,,,,,,,,,,,,,,,,,,,2,5.27,10.0,13.0,0.435,1.0,188.0,16.0,68.0,,125.0,104.0,89.0,1.68,11.0,705.0,2819.0,0.306,30.0,1.0,t1605,0.49,5
2016,히메네스,LG,0.308,135,579.0,523.0,101.0,161.0,36.0,0.0,26.0,275.0,102.0,1.0,6.0,39.0,2.0,10.0,67.0,8.0,0.526,0.363,0.889,40.0,0.304,62.0,117.0,184.0,0.64,7.0,0.58,3.67,0.218,95.9,1,,,,,,,,,,,,,,,,,,,,t1604,0.5,4
2016,히메네스,LG,0.308,135,579.0,523.0,101.0,161.0,36.0,0.0,26.0,275.0,102.0,1.0,6.0,39.0,2.0,10.0,67.0,8.0,0.526,0.363,0.889,40.0,0.304,62.0,117.0,184.0,0.64,7.0,0.58,3.67,0.218,95.9,1,,,,,,,,,,,,,,,,,,,,t1604,0.5,4
2016,오지환,LG,0.28,121,472.0,393.0,73.0,110.0,14.0,5.0,20.0,194.0,78.0,2.0,5.0,65.0,0.0,7.0,97.0,7.0,0.494,0.387,0.8809999999999999,29.0,0.266,39.0,101.0,90.0,1.12,3.0,0.67,4.22,0.214,77.3,1,,,,,,,,,,,,,,,,,,,,t1604,0.5,4
2016,오지환,LG,0.28,121,472.0,393.0,73.0,110.0,14.0,5.0,20.0,194.0,78.0,2.0,5.0,65.0,0.0,7.0,97.0,7.0,0.494,0.387,0.8809999999999999,29.0,0.266,39.0,101.0,90.0,1.12,3.0,0.67,4.22,0.214,77.3,1,,,,,,,,,,,,,,,,,,,,t1604,0.5,4
2016,류제국,LG,,29,,,,,,,,,,,,,,,,,,,,,,,,,,,,,,,2,4.3,13.0,11.0,0.542,1.0,152.0,14.0,70.0,,138.0,83.0,77.0,1.38,14.0,701.0,2743.0,0.255,25.0,0.0,t1604,0.5,4
2016,소사,LG,,33,,,,,,,,,,,,,,,,,,,,,,,,,,,,,,,2,5.16,10.0,9.0,0.526,1.0,258.0,12.0,38.0,,107.0,121.0,114.0,1.49,17.0,870.0,3166.0,0.319,47.0,8.0,t1604,0.5,4
2016,에반스,두산,0.308,118,481.0,400.0,69.0,123.0,31.0,0.0,24.0,226.0,81.0,0.0,7.0,69.0,0.0,5.0,90.0,10.0,0.565,0.41,0.975,33.0,0.266,55.0,72.0,122.0,0.59,10.0,0.77,4.24,0.258,89.3,1,,,,,,,,,,,,,,,,,,,,t1603,0.65,1
2016,에반스,두산,0.308,118,481.0,400.0,69.0,123.0,31.0,0.0,24.0,226.0,81.0,0.0,7.0,69.0,0.0,5.0,90.0,10.0,0.565,0.41,0.975,33.0,0.266,55.0,72.0,122.0,0.59,10.0,0.77,4.24,0.258,89.3,1,,,,,,,,,,,,,,,,,,,,t1603,0.65,1
2016,허경민,두산,0.28600000000000003,144,609.0,538.0,96.0,154.0,24.0,4.0,7.0,207.0,81.0,6.0,2.0,49.0,1.0,14.0,58.0,14.0,0.385,0.36,0.745,43.0,0.321,35.0,179.0,149.0,1.2,11.0,0.84,3.64,0.099,72.3,1,,,,,,,,,,,,,,,,,,,,t1603,0.65,1
2016,허경민,두산,0.28600000000000003,144,609.0,538.0,96.0,154.0,24.0,4.0,7.0,207.0,81.0,6.0,2.0,49.0,1.0,14.0,58.0,14.0,0.385,0.36,0.745,43.0,0.321,35.0,179.0,149.0,1.2,11.0,0.84,3.64,0.099,72.3,1,,,,,,,,,,,,,,,,,,,,t1603,0.65,1
2016,오재원,두산,0.272,122,484.0,416.0,68.0,113.0,18.0,1.0,5.0,148.0,58.0,3.0,6.0,54.0,1.0,5.0,82.0,10.0,0.35600000000000004,0.358,0.7140000000000001,25.0,0.33,24.0,119.0,108.0,1.1,6.0,0.66,4.08,0.084,55.5,1,,,,,,,,,,,,,,,,,,,,t1603,0.65,1
2016,오재원,두산,0.272,122,484.0,416.0,68.0,113.0,18.0,1.0,5.0,148.0,58.0,3.0,6.0,54.0,1.0,5.0,82.0,10.0,0.35600000000000004,0.358,0.7140000000000001,25.0,0.33,24.0,119.0,108.0,1.1,6.0,0.66,4.08,0.084,55.5,1,,,,,,,,,,,,,,,,,,,,t1603,0.65,1
2016,니퍼트,두산,,28,,,,,,,,,,,,,,,,,,,,,,,,,,,,,,,2,2.95,22.0,3.0,0.88,1.0,151.0,15.0,57.0,,142.0,61.0,55.0,1.24,19.0,701.0,2737.0,0.243,19.0,3.0,t1603,0.65,1
2016,장원준,두산,,27,,,,,,,,,,,,,,,,,,,,,,,,,,,,,,,2,3.32,15.0,6.0,0.7140000000000001,1.0,161.0,14.0,76.0,,137.0,66.0,62.0,1.41,19.0,727.0,2914.0,0.255,23.0,6.0,t1603,0.65,1
2016,보우덴,두산,,30,,,,,,,,,,,,,,,,,,,,,,,,,,,,,,,2,3.8,18.0,7.0,0.72,1.0,159.0,17.0,54.0,,160.0,83.0,76.0,1.18,17.0,742.0,3068.0,0.239,24.0,2.0,t1603,0.65,1
2016,유희관,두산,,30,,,,,,,,,,,,,,,,,,,,,,,,,,,,,,,2,4.41,15.0,6.0,0.7140000000000001,1.0,212.0,22.0,58.0,,102.0,95.0,91.0,1.45,15.0,809.0,3052.0,0.294,39.0,3.0,t1603,0.65,1
2016,이승엽,삼성,0.303,142,623.0,542.0,91.0,164.0,32.0,2.0,27.0,281.0,118.0,0.0,8.0,65.0,1.0,8.0,89.0,7.0,0.518,0.38,0.898,47.0,0.33,61.0,130.0,167.0,0.78,13.0,0.73,3.86,0.21600000000000003,106.1,1,,,,,,,,,,,,,,,,,,,,t1608,0.455,9
2016,이승엽,삼성,0.303,142,623.0,542.0,91.0,164.0,32.0,2.0,27.0,281.0,118.0,0.0,8.0,65.0,1.0,8.0,89.0,7.0,0.518,0.38,0.898,47.0,0.33,61.0,130.0,167.0,0.78,13.0,0.73,3.86,0.21600000000000003,106.1,1,,,,,,,,,,,,,,,,,,,,t1608,0.455,9
2016,박해민,삼성,0.3,141,641.0,564.0,109.0,169.0,26.0,12.0,4.0,231.0,61.0,22.0,3.0,49.0,2.0,3.0,87.0,6.0,0.41,0.35700000000000004,0.767,51.0,0.299,42.0,145.0,166.0,0.87,4.0,0.56,3.82,0.11,86.0,1,,,,,,,,,,,,,,,,,,,,t1608,0.455,9
2016,박해민,삼성,0.3,141,641.0,564.0,109.0,169.0,26.0,12.0,4.0,231.0,61.0,22.0,3.0,49.0,2.0,3.0,87.0,6.0,0.41,0.35700000000000004,0.767,51.0,0.299,42.0,145.0,166.0,0.87,4.0,0.56,3.82,0.11,86.0,1,,,,,,,,,,,,,,,,,,,,t1608,0.455,9
2016,백상원,삼성,0.28800000000000003,132,517.0,445.0,60.0,128.0,19.0,3.0,3.0,162.0,49.0,10.0,7.0,51.0,0.0,4.0,69.0,15.0,0.364,0.361,0.725,33.0,0.311,25.0,143.0,112.0,1.28,2.0,0.74,3.65,0.076,60.2,1,,,,,,,,,,,,,,,,,,,,t1608,0.455,9
2016,백상원,삼성,0.28800000000000003,132,517.0,445.0,60.0,128.0,19.0,3.0,3.0,162.0,49.0,10.0,7.0,51.0,0.0,4.0,69.0,15.0,0.364,0.361,0.725,33.0,0.311,25.0,143.0,112.0,1.28,2.0,0.74,3.65,0.076,60.2,1,,,,,,,,,,,,,,,,,,,,t1608,0.455,9
2016,윤성환,삼성,,28,,,,,,,,,,,,,,,,,,,,,,,,,,,,,,,2,4.35,11.0,10.0,0.524,1.0,202.0,25.0,41.0,,85.0,95.0,87.0,1.35,16.0,767.0,2786.0,0.29,35.0,3.0,t1608,0.455,9
2016,차우찬,삼성,,24,,,,,,,,,,,,,,,,,,,,,,,,,,,,,,,2,4.73,12.0,6.0,0.667,1.0,168.0,16.0,65.0,,120.0,87.0,80.0,1.53,16.0,671.0,2681.0,0.29,30.0,2.0,t1608,0.455,9
2016,이재원,SK,0.29,130,472.0,411.0,49.0,119.0,15.0,0.0,15.0,179.0,64.0,2.0,7.0,43.0,3.0,9.0,76.0,15.0,0.436,0.364,0.8,33.0,0.25,30.0,99.0,124.0,0.8,4.0,0.57,3.66,0.146,63.1,1,,,,,,,,,,,,,,,,,,,,t1609,0.479,6
2016,이재원,SK,0.29,130,472.0,411.0,49.0,119.0,15.0,0.0,15.0,179.0,64.0,2.0,7.0,43.0,3.0,9.0,76.0,15.0,0.436,0.364,0.8,33.0,0.25,30.0,99.0,124.0,0.8,4.0,0.57,3.66,0.146,63.1,1,,,,,,,,,,,,,,,,,,,,t1609,0.479,6
2016,최정,SK,0.28800000000000003,141,606.0,500.0,106.0,144.0,24.0,1.0,40.0,290.0,106.0,0.0,6.0,77.0,2.0,23.0,126.0,6.0,0.58,0.40299999999999997,0.983,42.0,0.278,65.0,87.0,149.0,0.58,6.0,0.61,4.04,0.292,115.7,1,,,,,,,,,,,,,,,,,,,,t1609,0.479,6
2016,최정,SK,0.28800000000000003,141,606.0,500.0,106.0,144.0,24.0,1.0,40.0,290.0,106.0,0.0,6.0,77.0,2.0,23.0,126.0,6.0,0.58,0.40299999999999997,0.983,42.0,0.278,65.0,87.0,149.0,0.58,6.0,0.61,4.04,0.292,115.7,1,,,,,,,,,,,,,,,,,,,,t1609,0.479,6
2016,고메즈,SK,0.28300000000000003,117,492.0,456.0,74.0,129.0,31.0,0.0,21.0,223.0,62.0,2.0,4.0,25.0,2.0,5.0,87.0,11.0,0.489,0.324,0.813,39.0,0.297,52.0,107.0,137.0,0.78,4.0,0.29,3.6,0.20600000000000002,68.8,1,,,,,,,,,,,,,,,,,,,,t1609,0.479,6
2016,고메즈,SK,0.28300000000000003,117,492.0,456.0,74.0,129.0,31.0,0.0,21.0,223.0,62.0,2.0,4.0,25.0,2.0,5.0,87.0,11.0,0.489,0.324,0.813,39.0,0.297,52.0,107.0,137.0,0.78,4.0,0.29,3.6,0.20600000000000002,68.8,1,,,,,,,,,,,,,,,,,,,,t1609,0.479,6
2016,박정권,SK,0.27699999999999997,125,468.0,422.0,59.0,117.0,17.0,3.0,18.0,194.0,59.0,2.0,4.0,35.0,0.0,5.0,99.0,7.0,0.46,0.337,0.797,34.0,0.243,38.0,101.0,109.0,0.93,5.0,0.35,3.81,0.182,65.8,1,,,,,,,,,,,,,,,,,,,,t1609,0.479,6
2016,박정권,SK,0.27699999999999997,125,468.0,422.0,59.0,117.0,17.0,3.0,18.0,194.0,59.0,2.0,4.0,35.0,0.0,5.0,99.0,7.0,0.46,0.337,0.797,34.0,0.243,38.0,101.0,109.0,0.93,5.0,0.35,3.81,0.182,65.8,1,,,,,,,,,,,,,,,,,,,,t1609,0.479,6
2016,켈리,SK,,31,,,,,,,,,,,,,,,,,,,,,,,,,,,,,,,2,3.68,9.0,8.0,0.529,2.0,205.0,15.0,60.0,,152.0,91.0,82.0,1.32,20.0,846.0,3090.0,0.268,35.0,3.0,t1609,0.479,6
2016,양성우,한화,0.271,108,446.0,384.0,52.0,104.0,12.0,4.0,4.0,136.0,53.0,8.0,6.0,39.0,0.0,9.0,67.0,6.0,0.354,0.34700000000000003,0.701,27.0,0.318,20.0,117.0,102.0,1.15,5.0,0.58,3.81,0.083,51.7,1,,,,,,,,,,,,,,,,,,,,t1610,0.468,7
2016,양성우,한화,0.271,108,446.0,384.0,52.0,104.0,12.0,4.0,4.0,136.0,53.0,8.0,6.0,39.0,0.0,9.0,67.0,6.0,0.354,0.34700000000000003,0.701,27.0,0.318,20.0,117.0,102.0,1.15,5.0,0.58,3.81,0.083,51.7,1,,,,,,,,,,,,,,,,,,,,t1610,0.468,7
2017,최주환,두산,0.301,129,452.0,399.0,65.0,120.0,16.0,6.0,7.0,169.0,57.0,1.0,5.0,38.0,1.0,9.0,58.0,10.0,0.424,0.37,0.794,31.0,0.308,29.0,108.0,118.0,0.92,3.0,0.66,3.95,0.12300000000000001,61.7,1,,,,,,,,,,,,,,,,,,,,t1703,0.596,2
2017,최주환,두산,0.301,129,452.0,399.0,65.0,120.0,16.0,6.0,7.0,169.0,57.0,1.0,5.0,38.0,1.0,9.0,58.0,10.0,0.424,0.37,0.794,31.0,0.308,29.0,108.0,118.0,0.92,3.0,0.66,3.95,0.12300000000000001,61.7,1,,,,,,,,,,,,,,,,,,,,t1703,0.596,2
2017,에반스,두산,0.29600000000000004,138,581.0,514.0,82.0,152.0,19.0,0.0,27.0,252.0,90.0,0.0,3.0,61.0,0.0,3.0,114.0,15.0,0.49,0.37200000000000005,0.862,45.0,0.29100000000000004,46.0,104.0,147.0,0.71,9.0,0.54,3.97,0.195,89.7,1,,,,,,,,,,,,,,,,,,,,t1703,0.596,2
2017,에반스,두산,0.29600000000000004,138,581.0,514.0,82.0,152.0,19.0,0.0,27.0,252.0,90.0,0.0,3.0,61.0,0.0,3.0,114.0,15.0,0.49,0.37200000000000005,0.862,45.0,0.29100000000000004,46.0,104.0,147.0,0.71,9.0,0.54,3.97,0.195,89.7,1,,,,,,,,,,,,,,,,,,,,t1703,0.596,2
2017,장원준,두산,,29,,,,,,,,,,,,,,,,,,,,,,,,,,,,,,,2,3.14,14.0,9.0,0.609,1.0,172.0,12.0,51.0,,125.0,70.0,63.0,1.24,18.0,760.0,3006.0,0.253,26.0,2.0,t1703,0.596,2
2017,니퍼트,두산,,30,,,,,,,,,,,,,,,,,,,,,,,,,,,,,,,2,4.06,14.0,8.0,0.636,1.0,175.0,20.0,77.0,,161.0,88.0,81.0,1.4,20.0,782.0,3161.0,0.257,35.0,5.0,t1703,0.596,2
2017,유희관,두산,,30,,,,,,,,,,,,,,,,,,,,,,,,,,,,,,,2,4.53,11.0,6.0,0.647,1.0,228.0,20.0,41.0,,106.0,104.0,95.0,1.43,15.0,822.0,3010.0,0.304,37.0,3.0,t1703,0.596,2
2017,나지완,KIA,0.301,137,551.0,459.0,85.0,138.0,20.0,3.0,27.0,245.0,94.0,0.0,7.0,62.0,0.0,23.0,105.0,10.0,0.534,0.405,0.9390000000000001,37.0,0.294,50.0,91.0,132.0,0.69,6.0,0.59,3.93,0.233,98.3,1,,,,,,,,,,,,,,,,,,,,t1705,0.608,1
2017,나지완,KIA,0.301,137,551.0,459.0,85.0,138.0,20.0,3.0,27.0,245.0,94.0,0.0,7.0,62.0,0.0,23.0,105.0,10.0,0.534,0.405,0.9390000000000001,37.0,0.294,50.0,91.0,132.0,0.69,6.0,0.59,3.93,0.233,98.3,1,,,,,,,,,,,,,,,,,,,,t1705,0.608,1
2017,이범호,KIA,0.272,115,447.0,382.0,57.0,104.0,14.0,0.0,25.0,193.0,89.0,0.0,6.0,52.0,3.0,7.0,81.0,9.0,0.505,0.365,0.87,30.0,0.317,39.0,86.0,117.0,0.74,4.0,0.64,3.94,0.233,71.6,1,,,,,,,,,,,,,,,,,,,,t1705,0.608,1
2017,이범호,KIA,0.272,115,447.0,382.0,57.0,104.0,14.0,0.0,25.0,193.0,89.0,0.0,6.0,52.0,3.0,7.0,81.0,9.0,0.505,0.365,0.87,30.0,0.317,39.0,86.0,117.0,0.74,4.0,0.64,3.94,0.233,71.6,1,,,,,,,,,,,,,,,,,,,,t1705,0.608,1
2017,양현종,KIA,,31,,,,,,,,,,,,,,,,,,,,,,,,,,,,,,,2,3.44,20.0,6.0,0.769,1.0,209.0,17.0,45.0,,158.0,88.0,74.0,1.31,20.0,808.0,3085.0,0.278,32.0,2.0,t1705,0.608,1
2017,헥터,KIA,,30,,,,,,,,,,,,,,,,,,,,,,,,,,,,,,,2,3.48,20.0,5.0,0.8,2.0,221.0,21.0,45.0,,149.0,83.0,78.0,1.32,23.0,854.0,3161.0,0.27899999999999997,36.0,4.0,t1705,0.608,1
2017,팻딘,KIA,,30,,,,,,,,,,,,,,,,,,,,,,,,,,,,,,,2,4.14,9.0,7.0,0.563,1.0,211.0,22.0,39.0,,143.0,86.0,81.0,1.42,17.0,770.0,2929.0,0.304,39.0,3.0,t1705,0.608,1
2017,스크럭스,NC,0.3,115,518.0,437.0,91.0,131.0,24.0,0.0,35.0,260.0,111.0,0.0,4.0,65.0,2.0,12.0,134.0,9.0,0.595,0.402,0.997,38.0,0.305,59.0,92.0,84.0,1.1,13.0,0.49,4.27,0.295,99.9,1,,,,,,,,,,,,,,,,,,,,t1701,0.56,4
2017,스크럭스,NC,0.3,115,518.0,437.0,91.0,131.0,24.0,0.0,35.0,260.0,111.0,0.0,4.0,65.0,2.0,12.0,134.0,9.0,0.595,0.402,0.997,38.0,0.305,59.0,92.0,84.0,1.1,13.0,0.49,4.27,0.295,99.9,1,,,,,,,,,,,,,,,,,,,,t1701,0.56,4
2017,권희동,NC,0.28600000000000003,141,554.0,472.0,72.0,135.0,20.0,2.0,19.0,216.0,86.0,7.0,7.0,51.0,1.0,17.0,90.0,12.0,0.45799999999999996,0.371,0.8290000000000001,41.0,0.33299999999999996,41.0,120.0,134.0,0.9,9.0,0.57,4.11,0.172,80.8,1,,,,,,,,,,,,,,,,,,,,t1701,0.56,4
2017,권희동,NC,0.28600000000000003,141,554.0,472.0,72.0,135.0,20.0,2.0,19.0,216.0,86.0,7.0,7.0,51.0,1.0,17.0,90.0,12.0,0.45799999999999996,0.371,0.8290000000000001,41.0,0.33299999999999996,41.0,120.0,134.0,0.9,9.0,0.57,4.11,0.172,80.8,1,,,,,,,,,,,,,,,,,,,,t1701,0.56,4
2017,해커,NC,,26,,,,,,,,,,,,,,,,,,,,,,,,,,,,,,,2,3.42,12.0,7.0,0.632,1.0,159.0,14.0,29.0,,97.0,64.0,61.0,1.17,15.0,672.0,2424.0,0.259,19.0,2.0,t1701,0.56,4
2017,김문호,롯데,0.292,131,448.0,390.0,49.0,114.0,17.0,1.0,2.0,139.0,35.0,7.0,1.0,37.0,4.0,13.0,73.0,5.0,0.35600000000000004,0.37200000000000005,0.728,29.0,0.258,20.0,121.0,83.0,1.46,2.0,0.51,3.82,0.064,53.5,1,,,,,,,,,,,,,,,,,,,,t1706,0.563,3
2017,김문호,롯데,0.292,131,448.0,390.0,49.0,114.0,17.0,1.0,2.0,139.0,35.0,7.0,1.0,37.0,4.0,13.0,73.0,5.0,0.35600000000000004,0.37200000000000005,0.728,29.0,0.258,20.0,121.0,83.0,1.46,2.0,0.51,3.82,0.064,53.5,1,,,,,,,,,,,,,,,,,,,,t1706,0.563,3
2017,최준석,롯데,0.29100000000000004,125,464.0,409.0,43.0,119.0,15.0,0.0,14.0,176.0,82.0,0.0,5.0,49.0,0.0,1.0,89.0,24.0,0.43,0.364,0.794,32.0,0.32799999999999996,29.0,120.0,86.0,1.4,10.0,0.55,4.19,0.139,59.1,1,,,,,,,,,,,,,,,,,,,,t1706,0.563,3
2017,최준석,롯데,0.29100000000000004,125,464.0,409.0,43.0,119.0,15.0,0.0,14.0,176.0,82.0,0.0,5.0,49.0,0.0,1.0,89.0,24.0,0.43,0.364,0.794,32.0,0.32799999999999996,29.0,120.0,86.0,1.4,10.0,0.55,4.19,0.139,59.1,1,,,,,,,,,,,,,,,,,,,,t1706,0.563,3
2017,강민호,롯데,0.285,130,515.0,456.0,62.0,130.0,22.0,1.0,22.0,220.0,68.0,0.0,3.0,41.0,6.0,15.0,104.0,15.0,0.48200000000000004,0.361,0.843,38.0,0.27,45.0,124.0,101.0,1.23,5.0,0.39,3.86,0.19699999999999998,74.3,1,,,,,,,,,,,,,,,,,,,,t1706,0.563,3
2017,강민호,롯데,0.285,130,515.0,456.0,62.0,130.0,22.0,1.0,22.0,220.0,68.0,0.0,3.0,41.0,6.0,15.0,104.0,15.0,0.48200000000000004,0.361,0.843,38.0,0.27,45.0,124.0,101.0,1.23,5.0,0.39,3.86,0.19699999999999998,74.3,1,,,,,,,,,,,,,,,,,,,,t1706,0.563,3
2017,박세웅,롯데,,28,,,,,,,,,,,,,,,,,,,,,,,,,,,,,,,2,3.68,12.0,6.0,0.667,1.0,170.0,21.0,56.0,,117.0,74.0,70.0,1.32,17.0,725.0,2812.0,0.263,25.0,1.0,t1706,0.563,3
2017,레일리,롯데,,30,,,,,,,,,,,,,,,,,,,,,,,,,,,,,,,2,3.8,13.0,7.0,0.65,1.0,199.0,19.0,44.0,,156.0,87.0,79.0,1.3,18.0,798.0,2951.0,0.27399999999999997,39.0,2.0,t1706,0.563,3
2017,나주환,SK,0.29100000000000004,122,452.0,419.0,69.0,122.0,24.0,1.0,19.0,205.0,65.0,8.0,1.0,19.0,3.0,5.0,85.0,15.0,0.489,0.32899999999999996,0.818,38.0,0.366,44.0,99.0,114.0,0.87,8.0,0.22,3.88,0.198,59.3,1,,,,,,,,,,,,,,,,,,,,t1709,0.524,5
2017,나주환,SK,0.29100000000000004,122,452.0,419.0,69.0,122.0,24.0,1.0,19.0,205.0,65.0,8.0,1.0,19.0,3.0,5.0,85.0,15.0,0.489,0.32899999999999996,0.818,38.0,0.366,44.0,99.0,114.0,0.87,8.0,0.22,3.88,0.198,59.3,1,,,,,,,,,,,,,,,,,,,,t1709,0.524,5
2017,켈리,SK,,30,,,,,,,,,,,,,,,,,,,,,,,,,,,,,,,2,3.6,16.0,7.0,0.696,1.0,204.0,16.0,45.0,,189.0,85.0,76.0,1.31,20.0,815.0,3024.0,0.272,38.0,3.0,t1709,0.524,5
2017,박종훈,SK,,29,,,,,,,,,,,,,,,,,,,,,,,,,,,,,,,2,4.1,12.0,7.0,0.632,1.0,145.0,16.0,61.0,,107.0,74.0,69.0,1.36,7.0,664.0,2574.0,0.254,26.0,0.0,t1709,0.524,5
2017,문승원,SK,,29,,,,,,,,,,,,,,,,,,,,,,,,,,,,,,,2,5.33,6.0,12.0,0.33299999999999996,1.0,181.0,25.0,54.0,,86.0,98.0,92.0,1.51,12.0,695.0,2701.0,0.294,32.0,2.0,t1709,0.524,5
2017,하주석,한화,0.285,111,470.0,432.0,69.0,123.0,18.0,8.0,11.0,190.0,52.0,9.0,1.0,23.0,0.0,5.0,83.0,6.0,0.44,0.32799999999999996,0.768,34.0,0.313,37.0,145.0,82.0,1.77,6.0,0.28,3.49,0.155,59.0,1,,,,,,,,,,,,,,,,,,,,t1710,0.43,8
2017,하주석,한화,0.285,111,470.0,432.0,69.0,123.0,18.0,8.0,11.0,190.0,52.0,9.0,1.0,23.0,0.0,5.0,83.0,6.0,0.44,0.32799999999999996,0.768,34.0,0.313,37.0,145.0,82.0,1.77,6.0,0.28,3.49,0.155,59.0,1,,,,,,,,,,,,,,,,,,,,t1710,0.43,8
2017,박해민,삼성,0.284,144,638.0,570.0,96.0,162.0,25.0,8.0,7.0,224.0,54.0,8.0,9.0,50.0,0.0,1.0,78.0,6.0,0.39299999999999996,0.33799999999999997,0.731,49.0,0.293,40.0,171.0,168.0,1.02,4.0,0.64,3.91,0.109,82.2,1,,,,,,,,,,,,,,,,,,,,t1708,0.396,9
2017,박해민,삼성,0.284,144,638.0,570.0,96.0,162.0,25.0,8.0,7.0,224.0,54.0,8.0,9.0,50.0,0.0,1.0,78.0,6.0,0.39299999999999996,0.33799999999999997,0.731,49.0,0.293,40.0,171.0,168.0,1.02,4.0,0.64,3.91,0.109,82.2,1,,,,,,,,,,,,,,,,,,,,t1708,0.396,9
2017,이승엽,삼성,0.28,135,533.0,472.0,65.0,132.0,30.0,5.0,24.0,244.0,87.0,0.0,8.0,47.0,6.0,6.0,85.0,7.0,0.517,0.34700000000000003,0.8640000000000001,40.0,0.244,59.0,107.0,156.0,0.69,9.0,0.55,3.92,0.237,84.3,1,,,,,,,,,,,,,,,,,,,,t1708,0.396,9
2017,이승엽,삼성,0.28,135,533.0,472.0,65.0,132.0,30.0,5.0,24.0,244.0,87.0,0.0,8.0,47.0,6.0,6.0,85.0,7.0,0.517,0.34700000000000003,0.8640000000000001,40.0,0.244,59.0,107.0,156.0,0.69,9.0,0.55,3.92,0.237,84.3,1,,,,,,,,,,,,,,,,,,,,t1708,0.396,9
2017,이원석,삼성,0.265,121,459.0,411.0,55.0,109.0,20.0,1.0,18.0,185.0,62.0,4.0,6.0,34.0,2.0,4.0,80.0,4.0,0.45,0.32299999999999995,0.773,27.0,0.262,39.0,99.0,129.0,0.77,2.0,0.43,3.97,0.185,62.5,1,,,,,,,,,,,,,,,,,,,,t1708,0.396,9
2017,이원석,삼성,0.265,121,459.0,411.0,55.0,109.0,20.0,1.0,18.0,185.0,62.0,4.0,6.0,34.0,2.0,4.0,80.0,4.0,0.45,0.32299999999999995,0.773,27.0,0.262,39.0,99.0,129.0,0.77,2.0,0.43,3.97,0.185,62.5,1,,,,,,,,,,,,,,,,,,,,t1708,0.396,9
2017,윤성환,삼성,,28,,,,,,,,,,,,,,,,,,,,,,,,,,,,,,,2,4.28,12.0,9.0,0.5710000000000001,1.0,181.0,22.0,37.0,,130.0,86.0,83.0,1.25,15.0,731.0,2810.0,0.271,39.0,4.0,t1708,0.396,9
2017,김민성,넥센,0.282,133,530.0,472.0,59.0,133.0,26.0,1.0,15.0,206.0,78.0,0.0,8.0,43.0,2.0,7.0,93.0,15.0,0.436,0.345,0.7809999999999999,38.0,0.28800000000000003,42.0,104.0,150.0,0.69,9.0,0.46,4.18,0.155,69.5,1,,,,,,,,,,,,,,,,,,,,t1702,0.486,7
2017,김민성,넥센,0.282,133,530.0,472.0,59.0,133.0,26.0,1.0,15.0,206.0,78.0,0.0,8.0,43.0,2.0,7.0,93.0,15.0,0.436,0.345,0.7809999999999999,38.0,0.28800000000000003,42.0,104.0,150.0,0.69,9.0,0.46,4.18,0.155,69.5,1,,,,,,,,,,,,,,,,,,,,t1702,0.486,7
2017,브리검,넥센,,24,,,,,,,,,,,,,,,,,,,,,,,,,,,,,,,2,4.38,10.0,6.0,0.625,1.0,166.0,17.0,26.0,,98.0,77.0,70.0,1.33,14.0,619.0,2249.0,0.289,21.0,4.0,t1702,0.486,7
2017,최원태,넥센,,25,,,,,,,,,,,,,,,,,,,,,,,,,,,,,,,2,4.46,11.0,7.0,0.611,1.0,161.0,19.0,34.0,,126.0,76.0,74.0,1.31,12.0,637.0,2350.0,0.276,24.0,3.0,t1702,0.486,7
2017,양석환,LG,0.263,132,496.0,445.0,62.0,117.0,27.0,3.0,14.0,192.0,83.0,2.0,5.0,38.0,2.0,6.0,93.0,13.0,0.431,0.326,0.757,31.0,0.336,44.0,77.0,163.0,0.47,6.0,0.41,4.04,0.16899999999999998,59.2,1,,,,,,,,,,,,,,,,,,,,t1704,0.489,6
2017,양석환,LG,0.263,132,496.0,445.0,62.0,117.0,27.0,3.0,14.0,192.0,83.0,2.0,5.0,38.0,2.0,6.0,93.0,13.0,0.431,0.326,0.757,31.0,0.336,44.0,77.0,163.0,0.47,6.0,0.41,4.04,0.16899999999999998,59.2,1,,,,,,,,,,,,,,,,,,,,t1704,0.489,6
2017,차우찬,LG,,28,,,,,,,,,,,,,,,,,,,,,,,,,,,,,,,2,3.43,10.0,7.0,0.588,1.0,171.0,20.0,38.0,,157.0,75.0,67.0,1.19,16.0,732.0,2879.0,0.252,33.0,4.0,t1704,0.489,6
2017,소사,LG,,30,,,,,,,,,,,,,,,,,,,,,,,,,,,,,,,2,3.88,11.0,11.0,0.5,1.0,189.0,11.0,38.0,,153.0,86.0,80.0,1.22,16.0,769.0,2863.0,0.264,36.0,9.0,t1704,0.489,6
2017,박경수,KT,0.262,131,511.0,442.0,62.0,116.0,27.0,1.0,15.0,190.0,66.0,3.0,3.0,57.0,4.0,6.0,118.0,14.0,0.43,0.35200000000000004,0.782,30.0,0.29100000000000004,43.0,89.0,122.0,0.73,3.0,0.48,4.41,0.16699999999999998,64.6,1,,,,,,,,,,,,,,,,,,,,t1707,0.34700000000000003,10
2017,박경수,KT,0.262,131,511.0,442.0,62.0,116.0,27.0,1.0,15.0,190.0,66.0,3.0,3.0,57.0,4.0,6.0,118.0,14.0,0.43,0.35200000000000004,0.782,30.0,0.29100000000000004,43.0,89.0,122.0,0.73,3.0,0.48,4.41,0.16699999999999998,64.6,1,,,,,,,,,,,,,,,,,,,,t1707,0.34700000000000003,10
2017,피어밴드,KT,,26,,,,,,,,,,,,,,,,,,,,,,,,,,,,,,,2,3.04,8.0,10.0,0.444,1.0,153.0,20.0,31.0,,132.0,67.0,54.0,1.15,20.0,657.0,2469.0,0.251,19.0,4.0,t1707,0.34700000000000003,10
2017,로치,KT,,28,,,,,,,,,,,,,,,,,,,,,,,,,,,,,,,2,4.69,4.0,15.0,0.21100000000000002,1.0,200.0,18.0,60.0,,99.0,106.0,86.0,1.58,12.0,743.0,2693.0,0.304,33.0,3.0,t1707,0.34700000000000003,10
2018,박용택,LG,0.303,134,583.0,524.0,89.0,159.0,38.0,1.0,15.0,244.0,76.0,0.0,7.0,47.0,0.0,5.0,107.0,21.0,0.466,0.36200000000000004,0.828,48.0,0.285,54.0,128.0,137.0,0.93,10.0,0.44,3.9,0.162,80.9,1,,,,,,,,,,,,,,,,,,,,t1804,0.476,8
2018,박용택,LG,0.303,134,583.0,524.0,89.0,159.0,38.0,1.0,15.0,244.0,76.0,0.0,7.0,47.0,0.0,5.0,107.0,21.0,0.466,0.36200000000000004,0.828,48.0,0.285,54.0,128.0,137.0,0.93,10.0,0.44,3.9,0.162,80.9,1,,,,,,,,,,,,,,,,,,,,t1804,0.476,8
2018,유강남,LG,0.29600000000000004,132,465.0,425.0,53.0,126.0,33.0,0.0,19.0,216.0,66.0,2.0,1.0,28.0,1.0,9.0,80.0,21.0,0.508,0.35200000000000004,0.86,37.0,0.282,52.0,111.0,109.0,1.02,3.0,0.35,3.76,0.212,65.7,1,,,,,,,,,,,,,,,,,,,,t1804,0.476,8
2018,유강남,LG,0.29600000000000004,132,465.0,425.0,53.0,126.0,33.0,0.0,19.0,216.0,66.0,2.0,1.0,28.0,1.0,9.0,80.0,21.0,0.508,0.35200000000000004,0.86,37.0,0.282,52.0,111.0,109.0,1.02,3.0,0.35,3.76,0.212,65.7,1,,,,,,,,,,,,,,,,,,,,t1804,0.476,8
2018,오지환,LG,0.278,144,617.0,533.0,93.0,148.0,26.0,2.0,11.0,211.0,71.0,12.0,6.0,59.0,3.0,7.0,146.0,6.0,0.396,0.354,0.75,40.0,0.35700000000000004,39.0,120.0,125.0,0.96,6.0,0.4,4.01,0.11800000000000001,78.2,1,,,,,,,,,,,,,,,,,,,,t1804,0.476,8
2018,오지환,LG,0.278,144,617.0,533.0,93.0,148.0,26.0,2.0,11.0,211.0,71.0,12.0,6.0,59.0,3.0,7.0,146.0,6.0,0.396,0.354,0.75,40.0,0.35700000000000004,39.0,120.0,125.0,0.96,6.0,0.4,4.01,0.11800000000000001,78.2,1,,,,,,,,,,,,,,,,,,,,t1804,0.476,8
2018,양석환,LG,0.263,140,519.0,483.0,53.0,127.0,27.0,0.0,22.0,220.0,82.0,1.0,5.0,24.0,0.0,6.0,81.0,9.0,0.455,0.303,0.758,32.0,0.31,49.0,100.0,180.0,0.56,9.0,0.3,4.0,0.193,65.9,1,,,,,,,,,,,,,,,,,,,,t1804,0.476,8
2018,양석환,LG,0.263,140,519.0,483.0,53.0,127.0,27.0,0.0,22.0,220.0,82.0,1.0,5.0,24.0,0.0,6.0,81.0,9.0,0.455,0.303,0.758,32.0,0.31,49.0,100.0,180.0,0.56,9.0,0.3,4.0,0.193,65.9,1,,,,,,,,,,,,,,,,,,,,t1804,0.476,8
2018,윌슨,LG,,26,,,,,,,,,,,,,,,,,,,,,,,,,,,,,,,2,3.07,9.0,4.0,0.6920000000000001,1.0,158.0,11.0,35.0,,149.0,63.0,58.0,1.14,20.0,689.0,2632.0,0.247,23.0,3.0,t1804,0.476,8
2018,소사,LG,,27,,,,,,,,,,,,,,,,,,,,,,,,,,,,,,,2,3.52,9.0,9.0,0.5,1.0,192.0,16.0,28.0,,181.0,83.0,71.0,1.21,18.0,760.0,2751.0,0.267,44.0,1.0,t1804,0.476,8
2018,임찬규,LG,,29,,,,,,,,,,,,,,,,,,,,,,,,,,,,,,,2,5.77,11.0,11.0,0.5,1.0,195.0,23.0,47.0,,125.0,104.0,94.0,1.65,9.0,680.0,2640.0,0.321,32.0,1.0,t1804,0.476,8
2018,차우찬,LG,,29,,,,,,,,,,,,,,,,,,,,,,,,,,,,,,,2,6.09,12.0,10.0,0.545,1.0,177.0,27.0,79.0,,136.0,119.0,115.0,1.51,13.0,762.0,2956.0,0.26899999999999996,36.0,4.0,t1804,0.476,8
2018,이명기,KIA,0.302,120,502.0,447.0,88.0,135.0,28.0,6.0,4.0,187.0,42.0,11.0,1.0,40.0,3.0,3.0,64.0,5.0,0.418,0.363,0.7809999999999999,41.0,0.24600000000000002,38.0,162.0,87.0,1.86,2.0,0.63,3.8,0.11599999999999999,65.9,1,,,,,,,,,,,,,,,,,,,,t1805,0.486,5
2018,이명기,KIA,0.302,120,502.0,447.0,88.0,135.0,28.0,6.0,4.0,187.0,42.0,11.0,1.0,40.0,3.0,3.0,64.0,5.0,0.418,0.363,0.7809999999999999,41.0,0.24600000000000002,38.0,162.0,87.0,1.86,2.0,0.63,3.8,0.11599999999999999,65.9,1,,,,,,,,,,,,,,,,,,,,t1805,0.486,5
2018,김선빈,KIA,0.295,127,492.0,424.0,73.0,125.0,17.0,2.0,4.0,158.0,49.0,6.0,5.0,48.0,1.0,9.0,42.0,10.0,0.373,0.374,0.747,33.0,0.304,23.0,142.0,120.0,1.18,3.0,1.14,3.78,0.078,61.9,1,,,,,,,,,,,,,,,,,,,,t1805,0.486,5
2018,김선빈,KIA,0.295,127,492.0,424.0,73.0,125.0,17.0,2.0,4.0,158.0,49.0,6.0,5.0,48.0,1.0,9.0,42.0,10.0,0.373,0.374,0.747,33.0,0.304,23.0,142.0,120.0,1.18,3.0,1.14,3.78,0.078,61.9,1,,,,,,,,,,,,,,,,,,,,t1805,0.486,5
2018,양현종,KIA,,29,,,,,,,,,,,,,,,,,,,,,,,,,,,,,,,2,4.15,13.0,11.0,0.542,1.0,199.0,21.0,43.0,,152.0,88.0,85.0,1.31,17.0,772.0,2883.0,0.278,33.0,0.0,t1805,0.486,5
2018,헥터,KIA,,29,,,,,,,,,,,,,,,,,,,,,,,,,,,,,,,2,4.6,11.0,10.0,0.524,1.0,209.0,25.0,36.0,,137.0,102.0,89.0,1.41,18.0,753.0,2871.0,0.298,31.0,0.0,t1805,0.486,5
2018,이원석,삼성,0.301,128,543.0,479.0,74.0,144.0,30.0,1.0,20.0,236.0,93.0,0.0,5.0,52.0,1.0,7.0,103.0,10.0,0.493,0.374,0.867,39.0,0.302,51.0,98.0,139.0,0.71,5.0,0.5,4.05,0.192,84.8,1,,,,,,,,,,,,,,,,,,,,t1808,0.486,6
2018,이원석,삼성,0.301,128,543.0,479.0,74.0,144.0,30.0,1.0,20.0,236.0,93.0,0.0,5.0,52.0,1.0,7.0,103.0,10.0,0.493,0.374,0.867,39.0,0.302,51.0,98.0,139.0,0.71,5.0,0.5,4.05,0.192,84.8,1,,,,,,,,,,,,,,,,,,,,t1808,0.486,6
2018,김헌곤,삼성,0.3,141,586.0,513.0,77.0,154.0,26.0,2.0,11.0,217.0,71.0,5.0,4.0,54.0,1.0,10.0,70.0,13.0,0.423,0.375,0.7979999999999999,46.0,0.319,39.0,162.0,131.0,1.24,4.0,0.77,3.91,0.12300000000000001,80.9,1,,,,,,,,,,,,,,,,,,,,t1808,0.486,6
2018,김헌곤,삼성,0.3,141,586.0,513.0,77.0,154.0,26.0,2.0,11.0,217.0,71.0,5.0,4.0,54.0,1.0,10.0,70.0,13.0,0.423,0.375,0.7979999999999999,46.0,0.319,39.0,162.0,131.0,1.24,4.0,0.77,3.91,0.12300000000000001,80.9,1,,,,,,,,,,,,,,,,,,,,t1808,0.486,6
2018,박해민,삼성,0.299,144,649.0,576.0,114.0,172.0,30.0,10.0,9.0,249.0,68.0,8.0,6.0,56.0,0.0,3.0,99.0,9.0,0.43200000000000005,0.36,0.792,53.0,0.33899999999999997,49.0,144.0,167.0,0.86,8.0,0.57,4.1,0.134,91.9,1,,,,,,,,,,,,,,,,,,,,t1808,0.486,6
2018,박해민,삼성,0.299,144,649.0,576.0,114.0,172.0,30.0,10.0,9.0,249.0,68.0,8.0,6.0,56.0,0.0,3.0,99.0,9.0,0.43200000000000005,0.36,0.792,53.0,0.33899999999999997,49.0,144.0,167.0,0.86,8.0,0.57,4.1,0.134,91.9,1,,,,,,,,,,,,,,,,,,,,t1808,0.486,6
2018,강민호,삼성,0.26899999999999996,129,477.0,427.0,46.0,115.0,14.0,0.0,22.0,195.0,71.0,0.0,7.0,29.0,5.0,14.0,96.0,11.0,0.457,0.331,0.7879999999999999,32.0,0.225,36.0,122.0,101.0,1.21,10.0,0.3,3.68,0.187,65.1,1,,,,,,,,,,,,,,,,,,,,t1808,0.486,6
2018,강민호,삼성,0.26899999999999996,129,477.0,427.0,46.0,115.0,14.0,0.0,22.0,195.0,71.0,0.0,7.0,29.0,5.0,14.0,96.0,11.0,0.457,0.331,0.7879999999999999,32.0,0.225,36.0,122.0,101.0,1.21,10.0,0.3,3.68,0.187,65.1,1,,,,,,,,,,,,,,,,,,,,t1808,0.486,6
2018,김상수,삼성,0.263,122,499.0,453.0,63.0,119.0,13.0,1.0,10.0,164.0,50.0,8.0,3.0,27.0,0.0,8.0,91.0,11.0,0.36200000000000004,0.314,0.6759999999999999,32.0,0.2,24.0,132.0,114.0,1.16,5.0,0.3,3.94,0.099,50.1,1,,,,,,,,,,,,,,,,,,,,t1808,0.486,6
2018,김상수,삼성,0.263,122,499.0,453.0,63.0,119.0,13.0,1.0,10.0,164.0,50.0,8.0,3.0,27.0,0.0,8.0,91.0,11.0,0.36200000000000004,0.314,0.6759999999999999,32.0,0.2,24.0,132.0,114.0,1.16,5.0,0.3,3.94,0.099,50.1,1,,,,,,,,,,,,,,,,,,,,t1808,0.486,6
2018,아델만,삼성,,31,,,,,,,,,,,,,,,,,,,,,,,,,,,,,,,2,5.05,8.0,12.0,0.4,1.0,202.0,20.0,54.0,,137.0,101.0,96.0,1.5,15.0,758.0,3070.0,0.29600000000000004,39.0,1.0,t1808,0.486,6
2018,보니야,삼성,,29,,,,,,,,,,,,,,,,,,,,,,,,,,,,,,,2,5.3,7.0,10.0,0.41200000000000003,1.0,193.0,23.0,63.0,,151.0,111.0,99.0,1.52,15.0,752.0,2931.0,0.29,40.0,2.0,t1808,0.486,6
2018,송광민,한화,0.297,113,460.0,434.0,63.0,129.0,24.0,0.0,18.0,207.0,79.0,0.0,4.0,18.0,0.0,4.0,93.0,13.0,0.47700000000000004,0.32799999999999996,0.805,36.0,0.243,42.0,121.0,95.0,1.27,8.0,0.19,3.59,0.18,62.1,1,,,,,,,,,,,,,,,,,,,,t1810,0.535,3
2018,송광민,한화,0.297,113,460.0,434.0,63.0,129.0,24.0,0.0,18.0,207.0,79.0,0.0,4.0,18.0,0.0,4.0,93.0,13.0,0.47700000000000004,0.32799999999999996,0.805,36.0,0.243,42.0,121.0,95.0,1.27,8.0,0.19,3.59,0.18,62.1,1,,,,,,,,,,,,,,,,,,,,t1810,0.535,3
2018,이성열,한화,0.295,131,528.0,485.0,76.0,143.0,21.0,1.0,34.0,268.0,102.0,1.0,2.0,35.0,3.0,5.0,143.0,9.0,0.5529999999999999,0.34700000000000003,0.9,34.0,0.28300000000000003,56.0,113.0,88.0,1.28,8.0,0.24,3.9,0.258,86.9,1,,,,,,,,,,,,,,,,,,,,t1810,0.535,3
2018,이성열,한화,0.295,131,528.0,485.0,76.0,143.0,21.0,1.0,34.0,268.0,102.0,1.0,2.0,35.0,3.0,5.0,143.0,9.0,0.5529999999999999,0.34700000000000003,0.9,34.0,0.28300000000000003,56.0,113.0,88.0,1.28,8.0,0.24,3.9,0.258,86.9,1,,,,,,,,,,,,,,,,,,,,t1810,0.535,3
2018,이용규,한화,0.293,134,575.0,491.0,82.0,144.0,14.0,1.0,1.0,163.0,36.0,8.0,5.0,59.0,0.0,12.0,62.0,8.0,0.332,0.379,0.711,44.0,0.327,16.0,162.0,128.0,1.27,2.0,0.95,4.03,0.039,70.1,1,,,,,,,,,,,,,,,,,,,,t1810,0.535,3
2018,이용규,한화,0.293,134,575.0,491.0,82.0,144.0,14.0,1.0,1.0,163.0,36.0,8.0,5.0,59.0,0.0,12.0,62.0,8.0,0.332,0.379,0.711,44.0,0.327,16.0,162.0,128.0,1.27,2.0,0.95,4.03,0.039,70.1,1,,,,,,,,,,,,,,,,,,,,t1810,0.535,3
2018,하주석,한화,0.254,141,517.0,484.0,67.0,123.0,20.0,3.0,9.0,176.0,52.0,1.0,0.0,28.0,0.0,4.0,130.0,7.0,0.364,0.3,0.664,31.0,0.267,32.0,145.0,86.0,1.69,7.0,0.22,3.69,0.11,49.5,1,,,,,,,,,,,,,,,,,,,,t1810,0.535,3
2018,하주석,한화,0.254,141,517.0,484.0,67.0,123.0,20.0,3.0,9.0,176.0,52.0,1.0,0.0,28.0,0.0,4.0,130.0,7.0,0.364,0.3,0.664,31.0,0.267,32.0,145.0,86.0,1.69,7.0,0.22,3.69,0.11,49.5,1,,,,,,,,,,,,,,,,,,,,t1810,0.535,3
2018,샘슨,한화,,30,,,,,,,,,,,,,,,,,,,,,,,,,,,,,,,2,4.68,13.0,8.0,0.619,1.0,144.0,17.0,79.0,,195.0,91.0,84.0,1.38,15.0,703.0,3047.0,0.23399999999999999,26.0,1.0,t1810,0.535,3
2018,황재균,KT,0.29600000000000004,142,588.0,530.0,76.0,157.0,41.0,3.0,25.0,279.0,88.0,2.0,3.0,49.0,1.0,4.0,120.0,5.0,0.526,0.358,0.884,48.0,0.252,69.0,79.0,177.0,0.45,7.0,0.41,3.96,0.23,95.7,1,,,,,,,,,,,,,,,,,,,,t1807,0.418,9
2018,황재균,KT,0.29600000000000004,142,588.0,530.0,76.0,157.0,41.0,3.0,25.0,279.0,88.0,2.0,3.0,49.0,1.0,4.0,120.0,5.0,0.526,0.358,0.884,48.0,0.252,69.0,79.0,177.0,0.45,7.0,0.41,3.96,0.23,95.7,1,,,,,,,,,,,,,,,,,,,,t1807,0.418,9
2018,강백호,KT,0.29,138,585.0,527.0,108.0,153.0,32.0,2.0,29.0,276.0,84.0,0.0,3.0,52.0,0.0,3.0,124.0,4.0,0.524,0.35600000000000004,0.88,44.0,0.308,63.0,121.0,132.0,0.92,3.0,0.42,4.04,0.233,94.5,1,,,,,,,,,,,,,,,,,,,,t1807,0.418,9
2018,강백호,KT,0.29,138,585.0,527.0,108.0,153.0,32.0,2.0,29.0,276.0,84.0,0.0,3.0,52.0,0.0,3.0,124.0,4.0,0.524,0.35600000000000004,0.88,44.0,0.308,63.0,121.0,132.0,0.92,3.0,0.42,4.04,0.233,94.5,1,,,,,,,,,,,,,,,,,,,,t1807,0.418,9
2018,윤석민,KT,0.276,132,509.0,460.0,58.0,127.0,22.0,0.0,19.0,206.0,60.0,2.0,3.0,40.0,2.0,4.0,69.0,17.0,0.44799999999999995,0.337,0.785,28.0,0.22,41.0,132.0,135.0,0.98,3.0,0.58,3.78,0.172,65.8,1,,,,,,,,,,,,,,,,,,,,t1807,0.418,9
2018,윤석민,KT,0.276,132,509.0,460.0,58.0,127.0,22.0,0.0,19.0,206.0,60.0,2.0,3.0,40.0,2.0,4.0,69.0,17.0,0.44799999999999995,0.337,0.785,28.0,0.22,41.0,132.0,135.0,0.98,3.0,0.58,3.78,0.172,65.8,1,,,,,,,,,,,,,,,,,,,,t1807,0.418,9
2018,박경수,KT,0.262,135,528.0,458.0,65.0,120.0,21.0,0.0,25.0,216.0,74.0,0.0,3.0,58.0,2.0,9.0,129.0,16.0,0.47200000000000003,0.354,0.826,28.0,0.28800000000000003,46.0,92.0,120.0,0.77,7.0,0.45,4.2,0.21,74.9,1,,,,,,,,,,,,,,,,,,,,t1807,0.418,9
2018,박경수,KT,0.262,135,528.0,458.0,65.0,120.0,21.0,0.0,25.0,216.0,74.0,0.0,3.0,58.0,2.0,9.0,129.0,16.0,0.47200000000000003,0.354,0.826,28.0,0.28800000000000003,46.0,92.0,120.0,0.77,7.0,0.45,4.2,0.21,74.9,1,,,,,,,,,,,,,,,,,,,,t1807,0.418,9
2018,니퍼트,KT,,29,,,,,,,,,,,,,,,,,,,,,,,,,,,,,,,2,4.25,8.0,8.0,0.5,1.0,209.0,26.0,39.0,,165.0,88.0,83.0,1.41,20.0,765.0,2965.0,0.29600000000000004,33.0,4.0,t1807,0.418,9
2018,피어밴드,KT,,27,,,,,,,,,,,,,,,,,,,,,,,,,,,,,,,2,4.3,8.0,8.0,0.5,1.0,186.0,24.0,38.0,,141.0,90.0,78.0,1.37,16.0,707.0,2723.0,0.28600000000000003,27.0,1.0,t1807,0.418,9
2018,금민철,KT,,29,,,,,,,,,,,,,,,,,,,,,,,,,,,,,,,2,5.41,8.0,12.0,0.4,1.0,212.0,19.0,68.0,,79.0,104.0,94.0,1.79,11.0,720.0,2695.0,0.335,30.0,1.0,t1807,0.418,9
2018,신본기,롯데,0.294,139,479.0,425.0,55.0,125.0,28.0,1.0,11.0,188.0,71.0,5.0,5.0,33.0,2.0,11.0,95.0,12.0,0.442,0.35700000000000004,0.799,34.0,0.3,40.0,110.0,100.0,1.1,5.0,0.35,3.72,0.14800000000000002,62.8,1,,,,,,,,,,,,,,,,,,,,t1806,0.479,7
2018,신본기,롯데,0.294,139,479.0,425.0,55.0,125.0,28.0,1.0,11.0,188.0,71.0,5.0,5.0,33.0,2.0,11.0,95.0,12.0,0.442,0.35700000000000004,0.799,34.0,0.3,40.0,110.0,100.0,1.1,5.0,0.35,3.72,0.14800000000000002,62.8,1,,,,,,,,,,,,,,,,,,,,t1806,0.479,7
2018,번즈,롯데,0.268,133,505.0,462.0,80.0,124.0,34.0,5.0,23.0,237.0,64.0,1.0,0.0,33.0,2.0,9.0,133.0,8.0,0.513,0.32899999999999996,0.8420000000000001,34.0,0.23,62.0,96.0,109.0,0.88,5.0,0.25,3.71,0.245,73.8,1,,,,,,,,,,,,,,,,,,,,t1806,0.479,7
2018,번즈,롯데,0.268,133,505.0,462.0,80.0,124.0,34.0,5.0,23.0,237.0,64.0,1.0,0.0,33.0,2.0,9.0,133.0,8.0,0.513,0.32899999999999996,0.8420000000000001,34.0,0.23,62.0,96.0,109.0,0.88,5.0,0.25,3.71,0.245,73.8,1,,,,,,,,,,,,,,,,,,,,t1806,0.479,7
2018,레일리,롯데,,30,,,,,,,,,,,,,,,,,,,,,,,,,,,,,,,2,4.74,11.0,13.0,0.45799999999999996,1.0,180.0,24.0,54.0,,178.0,106.0,94.0,1.31,15.0,775.0,3048.0,0.263,34.0,4.0,t1806,0.479,7
2018,김원중,롯데,,30,,,,,,,,,,,,,,,,,,,,,,,,,,,,,,,2,6.94,8.0,7.0,0.5329999999999999,1.0,173.0,28.0,77.0,,137.0,115.0,112.0,1.72,5.0,681.0,2717.0,0.295,37.0,2.0,t1806,0.479,7
2018,임병욱,넥센,0.293,134,447.0,423.0,76.0,124.0,29.0,3.0,13.0,198.0,60.0,0.0,2.0,22.0,1.0,0.0,119.0,6.0,0.46799999999999997,0.327,0.795,31.0,0.303,45.0,108.0,74.0,1.46,3.0,0.18,3.68,0.175,62.2,1,,,,,,,,,,,,,,,,,,,,t1802,0.521,4
2018,임병욱,넥센,0.293,134,447.0,423.0,76.0,124.0,29.0,3.0,13.0,198.0,60.0,0.0,2.0,22.0,1.0,0.0,119.0,6.0,0.46799999999999997,0.327,0.795,31.0,0.303,45.0,108.0,74.0,1.46,3.0,0.18,3.68,0.175,62.2,1,,,,,,,,,,,,,,,,,,,,t1802,0.521,4
2018,김하성,넥센,0.28800000000000003,129,576.0,511.0,95.0,147.0,27.0,4.0,20.0,242.0,84.0,1.0,5.0,54.0,2.0,5.0,81.0,16.0,0.474,0.358,0.8320000000000001,43.0,0.239,51.0,98.0,190.0,0.52,14.0,0.67,3.94,0.18600000000000003,83.6,1,,,,,,,,,,,,,,,,,,,,t1802,0.521,4
2018,김하성,넥센,0.28800000000000003,129,576.0,511.0,95.0,147.0,27.0,4.0,20.0,242.0,84.0,1.0,5.0,54.0,2.0,5.0,81.0,16.0,0.474,0.358,0.8320000000000001,43.0,0.239,51.0,98.0,190.0,0.52,14.0,0.67,3.94,0.18600000000000003,83.6,1,,,,,,,,,,,,,,,,,,,,t1802,0.521,4
2018,김민성,넥센,0.28300000000000003,128,465.0,413.0,46.0,117.0,24.0,0.0,10.0,171.0,45.0,1.0,5.0,40.0,3.0,6.0,80.0,6.0,0.414,0.35100000000000003,0.765,24.0,0.231,34.0,78.0,143.0,0.55,3.0,0.5,4.0,0.131,61.1,1,,,,,,,,,,,,,,,,,,,,t1802,0.521,4
2018,김민성,넥센,0.28300000000000003,128,465.0,413.0,46.0,117.0,24.0,0.0,10.0,171.0,45.0,1.0,5.0,40.0,3.0,6.0,80.0,6.0,0.414,0.35100000000000003,0.765,24.0,0.231,34.0,78.0,143.0,0.55,3.0,0.5,4.0,0.131,61.1,1,,,,,,,,,,,,,,,,,,,,t1802,0.521,4
2018,김혜성,넥센,0.27,136,473.0,430.0,79.0,116.0,15.0,6.0,5.0,158.0,45.0,3.0,2.0,33.0,1.0,5.0,119.0,6.0,0.36700000000000005,0.32799999999999996,0.695,28.0,0.33299999999999996,26.0,108.0,89.0,1.21,2.0,0.28,3.86,0.098,55.2,1,,,,,,,,,,,,,,,,,,,,t1802,0.521,4
2018,김혜성,넥센,0.27,136,473.0,430.0,79.0,116.0,15.0,6.0,5.0,158.0,45.0,3.0,2.0,33.0,1.0,5.0,119.0,6.0,0.36700000000000005,0.32799999999999996,0.695,28.0,0.33299999999999996,26.0,108.0,89.0,1.21,2.0,0.28,3.86,0.098,55.2,1,,,,,,,,,,,,,,,,,,,,t1802,0.521,4
2018,브리검,넥센,,31,,,,,,,,,,,,,,,,,,,,,,,,,,,,,,,2,3.84,11.0,7.0,0.611,1.0,188.0,19.0,50.0,,175.0,89.0,85.0,1.2,19.0,829.0,3089.0,0.249,28.0,3.0,t1802,0.521,4
2018,한현희,넥센,,30,,,,,,,,,,,,,,,,,,,,,,,,,,,,,,,2,4.79,11.0,7.0,0.611,1.0,208.0,22.0,49.0,,105.0,98.0,90.0,1.52,12.0,756.0,2790.0,0.307,42.0,3.0,t1802,0.521,4
2018,한동민,SK,0.284,136,562.0,486.0,97.0,138.0,31.0,0.0,41.0,292.0,115.0,0.0,8.0,52.0,3.0,16.0,124.0,10.0,0.601,0.36700000000000005,0.968,40.0,0.28600000000000003,72.0,94.0,138.0,0.68,14.0,0.42,4.21,0.317,104.2,1,,,,,,,,,,,,,,,,,,,,t1809,0.545,1
2018,한동민,SK,0.284,136,562.0,486.0,97.0,138.0,31.0,0.0,41.0,292.0,115.0,0.0,8.0,52.0,3.0,16.0,124.0,10.0,0.601,0.36700000000000005,0.968,40.0,0.28600000000000003,72.0,94.0,138.0,0.68,14.0,0.42,4.21,0.317,104.2,1,,,,,,,,,,,,,,,,,,,,t1809,0.545,1
2018,김성현,SK,0.27699999999999997,135,462.0,415.0,51.0,115.0,19.0,1.0,4.0,148.0,55.0,6.0,3.0,29.0,0.0,9.0,42.0,19.0,0.35700000000000004,0.336,0.693,30.0,0.33299999999999996,24.0,123.0,138.0,0.89,8.0,0.69,3.48,0.08,46.3,1,,,,,,,,,,,,,,,,,,,,t1809,0.545,1
2018,김성현,SK,0.27699999999999997,135,462.0,415.0,51.0,115.0,19.0,1.0,4.0,148.0,55.0,6.0,3.0,29.0,0.0,9.0,42.0,19.0,0.35700000000000004,0.336,0.693,30.0,0.33299999999999996,24.0,123.0,138.0,0.89,8.0,0.69,3.48,0.08,46.3,1,,,,,,,,,,,,,,,,,,,,t1809,0.545,1
2018,켈리,SK,,28,,,,,,,,,,,,,,,,,,,,,,,,,,,,,,,2,4.09,12.0,7.0,0.632,1.0,152.0,18.0,47.0,,161.0,78.0,72.0,1.26,13.0,674.0,2497.0,0.25,28.0,3.0,t1809,0.545,1
2018,박종훈,SK,,30,,,,,,,,,,,,,,,,,,,,,,,,,,,,,,,2,4.18,14.0,8.0,0.636,1.0,158.0,16.0,54.0,,133.0,81.0,74.0,1.33,10.0,702.0,2701.0,0.254,31.0,3.0,t1809,0.545,1
2018,문승원,SK,,31,,,,,,,,,,,,,,,,,,,,,,,,,,,,,,,2,4.6,8.0,9.0,0.47100000000000003,1.0,180.0,24.0,37.0,,122.0,86.0,77.0,1.44,9.0,656.0,2509.0,0.29600000000000004,33.0,2.0,t1809,0.545,1
2018,산체스,SK,,29,,,,,,,,,,,,,,,,,,,,,,,,,,,,,,,2,4.89,8.0,8.0,0.5,1.0,161.0,26.0,39.0,,124.0,90.0,79.0,1.38,14.0,632.0,2467.0,0.27699999999999997,21.0,3.0,t1809,0.545,1
2018,노진혁,NC,0.28300000000000003,125,458.0,420.0,52.0,119.0,21.0,4.0,11.0,181.0,42.0,1.0,2.0,33.0,0.0,2.0,92.0,8.0,0.431,0.337,0.768,35.0,0.272,36.0,108.0,103.0,1.05,4.0,0.36,3.8,0.14800000000000002,58.3,1,,,,,,,,,,,,,,,,,,,,t1801,0.406,10
2018,노진혁,NC,0.28300000000000003,125,458.0,420.0,52.0,119.0,21.0,4.0,11.0,181.0,42.0,1.0,2.0,33.0,0.0,2.0,92.0,8.0,0.431,0.337,0.768,35.0,0.272,36.0,108.0,103.0,1.05,4.0,0.36,3.8,0.14800000000000002,58.3,1,,,,,,,,,,,,,,,,,,,,t1801,0.406,10
2018,스크럭스,NC,0.257,142,571.0,501.0,75.0,129.0,35.0,0.0,26.0,242.0,97.0,0.0,3.0,55.0,2.0,12.0,144.0,14.0,0.483,0.34299999999999997,0.826,29.0,0.303,61.0,102.0,129.0,0.79,5.0,0.38,3.89,0.226,80.4,1,,,,,,,,,,,,,,,,,,,,t1801,0.406,10
2018,스크럭스,NC,0.257,142,571.0,501.0,75.0,129.0,35.0,0.0,26.0,242.0,97.0,0.0,3.0,55.0,2.0,12.0,144.0,14.0,0.483,0.34299999999999997,0.826,29.0,0.303,61.0,102.0,129.0,0.79,5.0,0.38,3.89,0.226,80.4,1,,,,,,,,,,,,,,,,,,,,t1801,0.406,10
2018,이재학,NC,,29,,,,,,,,,,,,,,,,,,,,,,,,,,,,,,,2,4.79,5.0,13.0,0.278,1.0,157.0,13.0,49.0,,116.0,87.0,81.0,1.35,10.0,658.0,2740.0,0.266,27.0,2.0,t1801,0.406,10
2018,베렛,NC,,29,,,,,,,,,,,,,,,,,,,,,,,,,,,,,,,2,5.28,6.0,10.0,0.375,1.0,178.0,24.0,59.0,,144.0,94.0,91.0,1.53,11.0,698.0,2682.0,0.289,31.0,2.0,t1801,0.406,10
2018,오재일,두산,0.27899999999999997,123,477.0,401.0,69.0,112.0,19.0,2.0,27.0,216.0,80.0,0.0,10.0,60.0,2.0,6.0,121.0,3.0,0.539,0.373,0.912,29.0,0.215,48.0,57.0,121.0,0.47,6.0,0.5,3.98,0.259,84.4,1,,,,,,,,,,,,,,,,,,,,t1803,0.6459999999999999,2
2018,오재일,두산,0.27899999999999997,123,477.0,401.0,69.0,112.0,19.0,2.0,27.0,216.0,80.0,0.0,10.0,60.0,2.0,6.0,121.0,3.0,0.539,0.373,0.912,29.0,0.215,48.0,57.0,121.0,0.47,6.0,0.5,3.98,0.259,84.4,1,,,,,,,,,,,,,,,,,,,,t1803,0.6459999999999999,2
2018,린드블럼,두산,,26,,,,,,,,,,,,,,,,,,,,,,,,,,,,,,,2,2.88,15.0,4.0,0.789,1.0,142.0,16.0,38.0,,157.0,56.0,54.0,1.07,21.0,681.0,2605.0,0.226,33.0,2.0,t1803,0.6459999999999999,2
2018,이용찬,두산,,25,,,,,,,,,,,,,,,,,,,,,,,,,,,,,,,2,3.63,15.0,3.0,0.833,1.0,151.0,14.0,36.0,,102.0,62.0,58.0,1.3,16.0,608.0,2237.0,0.27399999999999997,24.0,1.0,t1803,0.6459999999999999,2
2018,후랭코프,두산,,28,,,,,,,,,,,,,,,,,,,,,,,,,,,,,,,2,3.74,18.0,3.0,0.857,1.0,118.0,12.0,55.0,,134.0,64.0,62.0,1.16,17.0,621.0,2624.0,0.22,17.0,1.0,t1803,0.6459999999999999,2
2019,황재균,KT,0.28300000000000003,124,507.0,448.0,78.0,127.0,16.0,3.0,20.0,209.0,67.0,0.0,5.0,52.0,2.0,2.0,71.0,10.0,0.467,0.35700000000000004,0.8240000000000001,32.0,0.262,39.0,106.0,149.0,0.71,9.0,0.73,3.78,0.183,73.9,1,,,,,,,,,,,,,,,,,,,,t1907,0.5,6
2019,황재균,KT,0.28300000000000003,124,507.0,448.0,78.0,127.0,16.0,3.0,20.0,209.0,67.0,0.0,5.0,52.0,2.0,2.0,71.0,10.0,0.467,0.35700000000000004,0.8240000000000001,32.0,0.262,39.0,106.0,149.0,0.71,9.0,0.73,3.78,0.183,73.9,1,,,,,,,,,,,,,,,,,,,,t1907,0.5,6
2019,김민혁,KT,0.281,127,521.0,466.0,68.0,131.0,10.0,1.0,0.0,143.0,32.0,5.0,5.0,32.0,0.0,13.0,61.0,8.0,0.307,0.341,0.648,36.0,0.257,11.0,163.0,116.0,1.41,6.0,0.52,3.6,0.026000000000000002,52.8,1,,,,,,,,,,,,,,,,,,,,t1907,0.5,6
2019,김민혁,KT,0.281,127,521.0,466.0,68.0,131.0,10.0,1.0,0.0,143.0,32.0,5.0,5.0,32.0,0.0,13.0,61.0,8.0,0.307,0.341,0.648,36.0,0.257,11.0,163.0,116.0,1.41,6.0,0.52,3.6,0.026000000000000002,52.8,1,,,,,,,,,,,,,,,,,,,,t1907,0.5,6
2019,박경수,KT,0.247,137,490.0,421.0,43.0,104.0,24.0,0.0,10.0,158.0,65.0,4.0,6.0,55.0,1.0,4.0,102.0,14.0,0.375,0.335,0.71,24.0,0.281,34.0,88.0,133.0,0.66,8.0,0.54,3.93,0.128,54.2,1,,,,,,,,,,,,,,,,,,,,t1907,0.5,6
2019,박경수,KT,0.247,137,490.0,421.0,43.0,104.0,24.0,0.0,10.0,158.0,65.0,4.0,6.0,55.0,1.0,4.0,102.0,14.0,0.375,0.335,0.71,24.0,0.281,34.0,88.0,133.0,0.66,8.0,0.54,3.93,0.128,54.2,1,,,,,,,,,,,,,,,,,,,,t1907,0.5,6
2019,쿠에바스,KT,,30,,,,,,,,,,,,,,,,,,,,,,,,,,,,,,,2,3.62,13.0,10.0,0.565,1.0,153.0,18.0,63.0,,135.0,80.0,74.0,1.17,18.0,760.0,2896.0,0.22699999999999998,21.0,6.0,t1907,0.5,6
2019,알칸타라,KT,,27,,,,,,,,,,,,,,,,,,,,,,,,,,,,,,,2,4.01,11.0,11.0,0.5,1.0,189.0,15.0,27.0,,100.0,80.0,77.0,1.25,18.0,724.0,2574.0,0.278,39.0,3.0,t1907,0.5,6
2019,김민,KT,,27,,,,,,,,,,,,,,,,,,,,,,,,,,,,,,,2,4.96,6.0,12.0,0.33299999999999996,1.0,175.0,16.0,65.0,,91.0,88.0,83.0,1.59,10.0,674.0,2329.0,0.292,26.0,4.0,t1907,0.5,6
2019,김재환,두산,0.28300000000000003,136,574.0,495.0,76.0,140.0,20.0,5.0,15.0,215.0,91.0,0.0,11.0,63.0,5.0,5.0,113.0,7.0,0.434,0.36200000000000004,0.7959999999999999,34.0,0.3,40.0,111.0,142.0,0.78,11.0,0.56,3.57,0.152,82.7,1,,,,,,,,,,,,,,,,,,,,t1903,0.615,1
2019,김재환,두산,0.28300000000000003,136,574.0,495.0,76.0,140.0,20.0,5.0,15.0,215.0,91.0,0.0,11.0,63.0,5.0,5.0,113.0,7.0,0.434,0.36200000000000004,0.7959999999999999,34.0,0.3,40.0,111.0,142.0,0.78,11.0,0.56,3.57,0.152,82.7,1,,,,,,,,,,,,,,,,,,,,t1903,0.615,1
2019,박세혁,두산,0.27899999999999997,137,505.0,441.0,58.0,123.0,19.0,9.0,4.0,172.0,63.0,10.0,6.0,41.0,1.0,7.0,68.0,5.0,0.39,0.345,0.735,29.0,0.29100000000000004,32.0,135.0,121.0,1.12,7.0,0.6,3.78,0.111,62.9,1,,,,,,,,,,,,,,,,,,,,t1903,0.615,1
2019,박세혁,두산,0.27899999999999997,137,505.0,441.0,58.0,123.0,19.0,9.0,4.0,172.0,63.0,10.0,6.0,41.0,1.0,7.0,68.0,5.0,0.39,0.345,0.735,29.0,0.29100000000000004,32.0,135.0,121.0,1.12,7.0,0.6,3.78,0.111,62.9,1,,,,,,,,,,,,,,,,,,,,t1903,0.615,1
2019,김재호,두산,0.268,130,470.0,377.0,51.0,101.0,22.0,0.0,4.0,135.0,48.0,8.0,11.0,67.0,3.0,7.0,58.0,10.0,0.358,0.379,0.737,22.0,0.257,26.0,84.0,145.0,0.58,7.0,1.16,3.86,0.09,59.0,1,,,,,,,,,,,,,,,,,,,,t1903,0.615,1
2019,김재호,두산,0.268,130,470.0,377.0,51.0,101.0,22.0,0.0,4.0,135.0,48.0,8.0,11.0,67.0,3.0,7.0,58.0,10.0,0.358,0.379,0.737,22.0,0.257,26.0,84.0,145.0,0.58,7.0,1.16,3.86,0.09,59.0,1,,,,,,,,,,,,,,,,,,,,t1903,0.615,1
2019,정수빈,두산,0.265,123,513.0,441.0,75.0,117.0,19.0,5.0,0.0,146.0,41.0,4.0,5.0,57.0,0.0,6.0,60.0,6.0,0.331,0.354,0.685,30.0,0.245,24.0,145.0,124.0,1.17,5.0,0.95,3.98,0.066,59.1,1,,,,,,,,,,,,,,,,,,,,t1903,0.615,1
2019,정수빈,두산,0.265,123,513.0,441.0,75.0,117.0,19.0,5.0,0.0,146.0,41.0,4.0,5.0,57.0,0.0,6.0,60.0,6.0,0.331,0.354,0.685,30.0,0.245,24.0,145.0,124.0,1.17,5.0,0.95,3.98,0.066,59.1,1,,,,,,,,,,,,,,,,,,,,t1903,0.615,1
2019,린드블럼,두산,,30,,,,,,,,,,,,,,,,,,,,,,,,,,,,,,,2,2.5,20.0,3.0,0.87,1.0,165.0,13.0,29.0,,189.0,57.0,54.0,1.0,22.0,773.0,2982.0,0.226,22.0,3.0,t1903,0.615,1
2019,유희관,두산,,28,,,,,,,,,,,,,,,,,,,,,,,,,,,,,,,2,3.25,11.0,8.0,0.579,1.0,171.0,8.0,42.0,,64.0,67.0,60.0,1.28,17.0,692.0,2584.0,0.27,37.0,2.0,t1903,0.615,1
2019,이영하,두산,,29,,,,,,,,,,,,,,,,,,,,,,,,,,,,,,,2,3.64,17.0,4.0,0.81,1.0,148.0,5.0,61.0,,90.0,70.0,66.0,1.28,17.0,692.0,2646.0,0.242,28.0,5.0,t1903,0.615,1
2019,이용찬,두산,,26,,,,,,,,,,,,,,,,,,,,,,,,,,,,,,,2,4.07,7.0,10.0,0.41200000000000003,1.0,168.0,15.0,45.0,,102.0,75.0,67.0,1.44,14.0,651.0,2350.0,0.285,28.0,2.0,t1903,0.615,1
2019,박병호,키움,0.28,122,532.0,432.0,92.0,121.0,22.0,0.0,33.0,242.0,98.0,0.0,9.0,78.0,5.0,13.0,117.0,7.0,0.56,0.39799999999999996,0.958,31.0,0.29100000000000004,55.0,85.0,118.0,0.72,13.0,0.67,4.11,0.28,98.3,1,,,,,,,,,,,,,,,,,,,,t1902,0.601,2
2019,박병호,키움,0.28,122,532.0,432.0,92.0,121.0,22.0,0.0,33.0,242.0,98.0,0.0,9.0,78.0,5.0,13.0,117.0,7.0,0.56,0.39799999999999996,0.958,31.0,0.29100000000000004,55.0,85.0,118.0,0.72,13.0,0.67,4.11,0.28,98.3,1,,,,,,,,,,,,,,,,,,,,t1902,0.601,2
2019,브리검,키움,,28,,,,,,,,,,,,,,,,,,,,,,,,,,,,,,,2,2.96,13.0,5.0,0.722,1.0,148.0,5.0,46.0,,130.0,62.0,52.0,1.23,15.0,669.0,2521.0,0.245,32.0,2.0,t1902,0.601,2
2019,요키시,키움,,30,,,,,,,,,,,,,,,,,,,,,,,,,,,,,,,2,3.13,13.0,9.0,0.591,1.0,166.0,9.0,39.0,,141.0,72.0,63.0,1.13,19.0,746.0,2762.0,0.24100000000000002,33.0,5.0,t1902,0.601,2
2019,최원태,키움,,27,,,,,,,,,,,,,,,,,,,,,,,,,,,,,,,2,3.38,11.0,5.0,0.688,1.0,165.0,5.0,36.0,,105.0,68.0,59.0,1.28,18.0,666.0,2447.0,0.268,28.0,2.0,t1902,0.601,2
2019,로맥,SK,0.276,137,589.0,504.0,86.0,139.0,28.0,1.0,29.0,256.0,95.0,0.0,6.0,73.0,3.0,6.0,117.0,11.0,0.508,0.37,0.878,39.0,0.266,58.0,90.0,164.0,0.55,12.0,0.62,4.19,0.23199999999999998,94.5,1,,,,,,,,,,,,,,,,,,,,t1909,0.615,3
2019,로맥,SK,0.276,137,589.0,504.0,86.0,139.0,28.0,1.0,29.0,256.0,95.0,0.0,6.0,73.0,3.0,6.0,117.0,11.0,0.508,0.37,0.878,39.0,0.266,58.0,90.0,164.0,0.55,12.0,0.62,4.19,0.23199999999999998,94.5,1,,,,,,,,,,,,,,,,,,,,t1909,0.615,3
2019,김강민,SK,0.27,127,460.0,422.0,54.0,114.0,14.0,2.0,8.0,156.0,50.0,0.0,3.0,31.0,3.0,4.0,103.0,2.0,0.37,0.324,0.6940000000000001,31.0,0.298,24.0,88.0,120.0,0.73,7.0,0.3,3.95,0.1,52.3,1,,,,,,,,,,,,,,,,,,,,t1909,0.615,3
2019,김강민,SK,0.27,127,460.0,422.0,54.0,114.0,14.0,2.0,8.0,156.0,50.0,0.0,3.0,31.0,3.0,4.0,103.0,2.0,0.37,0.324,0.6940000000000001,31.0,0.298,24.0,88.0,120.0,0.73,7.0,0.3,3.95,0.1,52.3,1,,,,,,,,,,,,,,,,,,,,t1909,0.615,3
2019,이재원,SK,0.268,139,502.0,451.0,33.0,121.0,19.0,0.0,12.0,176.0,75.0,1.0,7.0,34.0,2.0,9.0,59.0,16.0,0.39,0.327,0.7170000000000001,29.0,0.303,31.0,137.0,141.0,0.97,10.0,0.58,3.57,0.122,57.1,1,,,,,,,,,,,,,,,,,,,,t1909,0.615,3
2019,이재원,SK,0.268,139,502.0,451.0,33.0,121.0,19.0,0.0,12.0,176.0,75.0,1.0,7.0,34.0,2.0,9.0,59.0,16.0,0.39,0.327,0.7170000000000001,29.0,0.303,31.0,137.0,141.0,0.97,10.0,0.58,3.57,0.122,57.1,1,,,,,,,,,,,,,,,,,,,,t1909,0.615,3
2019,한동민,SK,0.265,125,502.0,427.0,52.0,113.0,20.0,0.0,12.0,169.0,52.0,0.0,0.0,55.0,4.0,20.0,100.0,6.0,0.396,0.375,0.7709999999999999,28.0,0.264,32.0,108.0,106.0,1.02,7.0,0.55,4.0,0.131,65.7,1,,,,,,,,,,,,,,,,,,,,t1909,0.615,3
2019,한동민,SK,0.265,125,502.0,427.0,52.0,113.0,20.0,0.0,12.0,169.0,52.0,0.0,0.0,55.0,4.0,20.0,100.0,6.0,0.396,0.375,0.7709999999999999,28.0,0.264,32.0,108.0,106.0,1.02,7.0,0.55,4.0,0.131,65.7,1,,,,,,,,,,,,,,,,,,,,t1909,0.615,3
2019,김성현,SK,0.24600000000000002,144,472.0,426.0,45.0,105.0,16.0,2.0,1.0,128.0,34.0,8.0,3.0,33.0,0.0,2.0,43.0,15.0,0.3,0.302,0.602,24.0,0.21600000000000003,19.0,148.0,133.0,1.11,3.0,0.77,3.47,0.054000000000000006,37.0,1,,,,,,,,,,,,,,,,,,,,t1909,0.615,3
2019,김성현,SK,0.24600000000000002,144,472.0,426.0,45.0,105.0,16.0,2.0,1.0,128.0,34.0,8.0,3.0,33.0,0.0,2.0,43.0,15.0,0.3,0.302,0.602,24.0,0.21600000000000003,19.0,148.0,133.0,1.11,3.0,0.77,3.47,0.054000000000000006,37.0,1,,,,,,,,,,,,,,,,,,,,t1909,0.615,3
2019,김광현,SK,,31,,,,,,,,,,,,,,,,,,,,,,,,,,,,,,,2,2.51,17.0,6.0,0.7390000000000001,1.0,198.0,13.0,38.0,,180.0,64.0,53.0,1.24,24.0,786.0,2908.0,0.27,17.0,0.0,t1909,0.615,3
2019,산체스,SK,,28,,,,,,,,,,,,,,,,,,,,,,,,,,,,,,,2,2.62,17.0,5.0,0.773,1.0,151.0,2.0,42.0,,148.0,51.0,48.0,1.17,17.0,671.0,2538.0,0.244,18.0,2.0,t1909,0.615,3
2019,문승원,SK,,26,,,,,,,,,,,,,,,,,,,,,,,,,,,,,,,2,3.88,11.0,7.0,0.611,1.0,130.0,23.0,33.0,,99.0,63.0,62.0,1.13,12.0,586.0,2185.0,0.239,13.0,5.0,t1909,0.615,3
2019,박종훈,SK,,28,,,,,,,,,,,,,,,,,,,,,,,,,,,,,,,2,3.88,8.0,11.0,0.42100000000000004,1.0,157.0,12.0,59.0,,100.0,72.0,62.0,1.5,10.0,643.0,2528.0,0.28,29.0,0.0,t1909,0.615,3
2019,김상수,삼성,0.271,129,543.0,468.0,76.0,127.0,20.0,2.0,5.0,166.0,38.0,6.0,4.0,50.0,1.0,15.0,67.0,14.0,0.355,0.358,0.713,36.0,0.228,27.0,145.0,133.0,1.09,4.0,0.75,3.95,0.083,63.8,1,,,,,,,,,,,,,,,,,,,,t1908,0.42,8
2019,김상수,삼성,0.271,129,543.0,468.0,76.0,127.0,20.0,2.0,5.0,166.0,38.0,6.0,4.0,50.0,1.0,15.0,67.0,14.0,0.355,0.358,0.713,36.0,0.228,27.0,145.0,133.0,1.09,4.0,0.75,3.95,0.083,63.8,1,,,,,,,,,,,,,,,,,,,,t1908,0.42,8
2019,구자욱,삼성,0.267,122,526.0,475.0,66.0,127.0,27.0,6.0,15.0,211.0,71.0,0.0,6.0,38.0,2.0,7.0,88.0,5.0,0.444,0.327,0.7709999999999999,32.0,0.302,48.0,110.0,156.0,0.71,9.0,0.43,3.65,0.177,71.3,1,,,,,,,,,,,,,,,,,,,,t1908,0.42,8
2019,구자욱,삼성,0.267,122,526.0,475.0,66.0,127.0,27.0,6.0,15.0,211.0,71.0,0.0,6.0,38.0,2.0,7.0,88.0,5.0,0.444,0.327,0.7709999999999999,32.0,0.302,48.0,110.0,156.0,0.71,9.0,0.43,3.65,0.177,71.3,1,,,,,,,,,,,,,,,,,,,,t1908,0.42,8
2019,이원석,삼성,0.24600000000000002,111,455.0,395.0,44.0,97.0,20.0,0.0,19.0,174.0,76.0,2.0,7.0,43.0,0.0,8.0,73.0,10.0,0.441,0.327,0.768,24.0,0.304,39.0,87.0,145.0,0.6,4.0,0.59,4.0,0.195,59.7,1,,,,,,,,,,,,,,,,,,,,t1908,0.42,8
2019,이원석,삼성,0.24600000000000002,111,455.0,395.0,44.0,97.0,20.0,0.0,19.0,174.0,76.0,2.0,7.0,43.0,0.0,8.0,73.0,10.0,0.441,0.327,0.768,24.0,0.304,39.0,87.0,145.0,0.6,4.0,0.59,4.0,0.195,59.7,1,,,,,,,,,,,,,,,,,,,,t1908,0.42,8
2019,박해민,삼성,0.239,144,581.0,506.0,64.0,121.0,16.0,7.0,5.0,166.0,44.0,12.0,3.0,58.0,0.0,2.0,82.0,4.0,0.32799999999999996,0.318,0.6459999999999999,34.0,0.239,28.0,152.0,154.0,0.99,2.0,0.71,4.1,0.08900000000000001,59.8,1,,,,,,,,,,,,,,,,,,,,t1908,0.42,8
2019,박해민,삼성,0.239,144,581.0,506.0,64.0,121.0,16.0,7.0,5.0,166.0,44.0,12.0,3.0,58.0,0.0,2.0,82.0,4.0,0.32799999999999996,0.318,0.6459999999999999,34.0,0.239,28.0,152.0,154.0,0.99,2.0,0.71,4.1,0.08900000000000001,59.8,1,,,,,,,,,,,,,,,,,,,,t1908,0.42,8
2019,백정현,삼성,,28,,,,,,,,,,,,,,,,,,,,,,,,,,,,,,,2,4.24,8.0,10.0,0.444,1.0,158.0,17.0,56.0,,82.0,85.0,74.0,1.36,12.0,677.0,2543.0,0.26,29.0,4.0,t1908,0.42,8
2019,윤성환,삼성,,27,,,,,,,,,,,,,,,,,,,,,,,,,,,,,,,2,4.77,8.0,13.0,0.381,1.0,168.0,14.0,50.0,,65.0,87.0,77.0,1.5,10.0,643.0,2340.0,0.29600000000000004,34.0,3.0,t1908,0.42,8
2019,유강남,LG,0.27,132,468.0,418.0,44.0,113.0,22.0,0.0,16.0,183.0,49.0,1.0,6.0,30.0,2.0,13.0,82.0,21.0,0.43799999999999994,0.33399999999999996,0.772,25.0,0.21,38.0,115.0,114.0,1.01,8.0,0.37,3.86,0.16699999999999998,56.8,1,,,,,,,,,,,,,,,,,,,,t1904,0.552,4
2019,유강남,LG,0.27,132,468.0,418.0,44.0,113.0,22.0,0.0,16.0,183.0,49.0,1.0,6.0,30.0,2.0,13.0,82.0,21.0,0.43799999999999994,0.33399999999999996,0.772,25.0,0.21,38.0,115.0,114.0,1.01,8.0,0.37,3.86,0.16699999999999998,56.8,1,,,,,,,,,,,,,,,,,,,,t1904,0.552,4
2019,오지환,LG,0.252,134,547.0,473.0,63.0,119.0,23.0,5.0,9.0,179.0,53.0,7.0,3.0,57.0,1.0,7.0,113.0,7.0,0.37799999999999995,0.33899999999999997,0.7170000000000001,32.0,0.256,37.0,122.0,122.0,1.0,8.0,0.5,4.11,0.127,66.7,1,,,,,,,,,,,,,,,,,,,,t1904,0.552,4
2019,오지환,LG,0.252,134,547.0,473.0,63.0,119.0,23.0,5.0,9.0,179.0,53.0,7.0,3.0,57.0,1.0,7.0,113.0,7.0,0.37799999999999995,0.33899999999999997,0.7170000000000001,32.0,0.256,37.0,122.0,122.0,1.0,8.0,0.5,4.11,0.127,66.7,1,,,,,,,,,,,,,,,,,,,,t1904,0.552,4
2019,켈리,LG,,29,,,,,,,,,,,,,,,,,,,,,,,,,,,,,,,2,2.55,14.0,12.0,0.5379999999999999,1.0,164.0,7.0,41.0,,126.0,70.0,51.0,1.14,24.0,747.0,2758.0,0.243,33.0,3.0,t1904,0.552,4
2019,윌슨,LG,,30,,,,,,,,,,,,,,,,,,,,,,,,,,,,,,,2,2.92,14.0,7.0,0.667,1.0,171.0,7.0,44.0,,137.0,77.0,60.0,1.16,22.0,763.0,2746.0,0.245,27.0,2.0,t1904,0.552,4
2019,차우찬,LG,,29,,,,,,,,,,,,,,,,,,,,,,,,,,,,,,,2,4.12,13.0,8.0,0.619,1.0,181.0,16.0,59.0,,124.0,87.0,77.0,1.43,13.0,730.0,2796.0,0.276,30.0,1.0,t1904,0.552,4
2019,이창진,KIA,0.27,133,470.0,400.0,57.0,108.0,25.0,1.0,6.0,153.0,48.0,4.0,5.0,57.0,0.0,4.0,92.0,8.0,0.38299999999999995,0.363,0.746,27.0,0.267,32.0,82.0,123.0,0.67,4.0,0.62,3.93,0.113,57.3,1,,,,,,,,,,,,,,,,,,,,t1905,0.4370000000000001,7
2019,이창진,KIA,0.27,133,470.0,400.0,57.0,108.0,25.0,1.0,6.0,153.0,48.0,4.0,5.0,57.0,0.0,4.0,92.0,8.0,0.38299999999999995,0.363,0.746,27.0,0.267,32.0,82.0,123.0,0.67,4.0,0.62,3.93,0.113,57.3,1,,,,,,,,,,,,,,,,,,,,t1905,0.4370000000000001,7
2019,박찬호,KIA,0.26,133,541.0,504.0,60.0,131.0,15.0,4.0,2.0,160.0,49.0,5.0,2.0,26.0,0.0,4.0,83.0,8.0,0.317,0.3,0.617,36.0,0.308,21.0,173.0,119.0,1.45,4.0,0.31,3.88,0.057999999999999996,51.9,1,,,,,,,,,,,,,,,,,,,,t1905,0.4370000000000001,7
2019,박찬호,KIA,0.26,133,541.0,504.0,60.0,131.0,15.0,4.0,2.0,160.0,49.0,5.0,2.0,26.0,0.0,4.0,83.0,8.0,0.317,0.3,0.617,36.0,0.308,21.0,173.0,119.0,1.45,4.0,0.31,3.88,0.057999999999999996,51.9,1,,,,,,,,,,,,,,,,,,,,t1905,0.4370000000000001,7
2019,양현종,KIA,,29,,,,,,,,,,,,,,,,,,,,,,,,,,,,,,,2,2.29,16.0,8.0,0.667,1.0,165.0,6.0,33.0,,163.0,56.0,47.0,1.07,22.0,731.0,2699.0,0.24100000000000002,32.0,1.0,t1905,0.4370000000000001,7
2019,윌랜드,KIA,,28,,,,,,,,,,,,,,,,,,,,,,,,,,,,,,,2,4.75,8.0,10.0,0.444,1.0,191.0,17.0,59.0,,137.0,95.0,87.0,1.52,14.0,726.0,2764.0,0.295,41.0,1.0,t1905,0.4370000000000001,7
2019,터너,KIA,,28,,,,,,,,,,,,,,,,,,,,,,,,,,,,,,,2,5.46,7.0,13.0,0.35,1.0,179.0,12.0,58.0,,121.0,107.0,93.0,1.55,11.0,714.0,2692.0,0.284,34.0,3.0,t1905,0.4370000000000001,7
2019,송광민,한화,0.264,122,486.0,454.0,50.0,120.0,21.0,0.0,7.0,162.0,51.0,3.0,5.0,21.0,0.0,3.0,91.0,18.0,0.35700000000000004,0.298,0.655,35.0,0.261,28.0,128.0,120.0,1.07,2.0,0.23,3.39,0.09300000000000001,44.7,1,,,,,,,,,,,,,,,,,,,,t1910,0.403,9
2019,송광민,한화,0.264,122,486.0,454.0,50.0,120.0,21.0,0.0,7.0,162.0,51.0,3.0,5.0,21.0,0.0,3.0,91.0,18.0,0.35700000000000004,0.298,0.655,35.0,0.261,28.0,128.0,120.0,1.07,2.0,0.23,3.39,0.09300000000000001,44.7,1,,,,,,,,,,,,,,,,,,,,t1910,0.403,9
2019,정은원,한화,0.262,142,624.0,564.0,83.0,148.0,27.0,6.0,8.0,211.0,57.0,6.0,6.0,48.0,0.0,0.0,101.0,6.0,0.374,0.317,0.691,44.0,0.24100000000000002,41.0,175.0,146.0,1.2,2.0,0.48,3.99,0.11199999999999999,69.3,1,,,,,,,,,,,,,,,,,,,,t1910,0.403,9
2019,정은원,한화,0.262,142,624.0,564.0,83.0,148.0,27.0,6.0,8.0,211.0,57.0,6.0,6.0,48.0,0.0,0.0,101.0,6.0,0.374,0.317,0.691,44.0,0.24100000000000002,41.0,175.0,146.0,1.2,2.0,0.48,3.99,0.11199999999999999,69.3,1,,,,,,,,,,,,,,,,,,,,t1910,0.403,9
2019,이성열,한화,0.256,129,476.0,414.0,60.0,106.0,21.0,1.0,21.0,192.0,85.0,1.0,4.0,48.0,1.0,9.0,114.0,7.0,0.46399999999999997,0.34299999999999997,0.807,25.0,0.314,43.0,110.0,88.0,1.25,12.0,0.42,3.81,0.20800000000000002,67.6,1,,,,,,,,,,,,,,,,,,,,t1910,0.403,9
2019,이성열,한화,0.256,129,476.0,414.0,60.0,106.0,21.0,1.0,21.0,192.0,85.0,1.0,4.0,48.0,1.0,9.0,114.0,7.0,0.46399999999999997,0.34299999999999997,0.807,25.0,0.314,43.0,110.0,88.0,1.25,12.0,0.42,3.81,0.20800000000000002,67.6,1,,,,,,,,,,,,,,,,,,,,t1910,0.403,9
2019,오선진,한화,0.22399999999999998,122,453.0,392.0,37.0,88.0,16.0,0.0,3.0,113.0,36.0,10.0,3.0,38.0,0.0,10.0,72.0,8.0,0.28800000000000003,0.307,0.595,22.0,0.263,19.0,111.0,124.0,0.9,5.0,0.53,3.92,0.064,37.9,1,,,,,,,,,,,,,,,,,,,,t1910,0.403,9
2019,오선진,한화,0.22399999999999998,122,453.0,392.0,37.0,88.0,16.0,0.0,3.0,113.0,36.0,10.0,3.0,38.0,0.0,10.0,72.0,8.0,0.28800000000000003,0.307,0.595,22.0,0.263,19.0,111.0,124.0,0.9,5.0,0.53,3.92,0.064,37.9,1,,,,,,,,,,,,,,,,,,,,t1910,0.403,9
2019,채드벨,한화,,29,,,,,,,,,,,,,,,,,,,,,,,,,,,,,,,2,3.5,11.0,10.0,0.524,1.0,169.0,14.0,63.0,,134.0,73.0,69.0,1.31,15.0,749.0,2843.0,0.256,33.0,2.0,t1910,0.403,9
2019,서폴드,한화,,31,,,,,,,,,,,,,,,,,,,,,,,,,,,,,,,2,3.51,12.0,11.0,0.522,1.0,191.0,8.0,54.0,,135.0,84.0,75.0,1.27,20.0,810.0,3142.0,0.259,28.0,4.0,t1910,0.403,9
2016,레일리,롯데,,31,,,,,,,,,,,,,,,,,,,,,,,,,,,,,,,2,4.34,8.0,10.0,0.444,1.0,207.0,21.0,51.0,,147.0,105.0,89.0,1.4,16.0,808.0,3052.0,0.28600000000000003,36.0,4.0,t1606,0.458,8
2016,린드블럼,롯데,,30,,,,,,,,,,,,,,,,,,,,,,,,,,,,,,,2,5.28,10.0,13.0,0.435,1.0,197.0,28.0,77.0,,148.0,109.0,104.0,1.55,13.0,791.0,3106.0,0.28300000000000003,36.0,6.0,t1606,0.458,8
2016,피어밴드,KT,,31,,,,,,,,,,,,,,,,,,,,,,,,,,,,,,,2,4.45,7.0,13.0,0.35,1.0,231.0,23.0,48.0,,144.0,97.0,90.0,1.53,16.0,803.0,3109.0,0.319,39.0,1.0,t1607,0.373,10
2019,루친스키,NC,,30,,,,,,,,,,,,,,,,,,,,,,,,,,,,,,,2,3.05,9.0,9.0,0.5,1.0,164.0,13.0,45.0,,119.0,68.0,60.0,1.18,17.0,731.0,2700.0,0.247,20.0,1.0,t1901,0.514,5
2019,레일리,롯데,,30,,,,,,,,,,,,,,,,,,,,,,,,,,,,,,,2,3.88,5.0,14.0,0.263,1.0,191.0,10.0,65.0,,140.0,88.0,78.0,1.41,19.0,791.0,2933.0,0.26899999999999996,32.0,4.0,t1906,0.34,10
2019,다익손,롯데,,29,,,,,,,,,,,,,,,,,,,,,,,,,,,,,,,2,4.34,6.0,10.0,0.375,1.0,164.0,15.0,40.0,,117.0,81.0,72.0,1.37,7.0,649.0,2569.0,0.278,23.0,3.0,t1906,0.34,10
